mean_fit_time,std_fit_time,mean_score_time,std_score_time,param_ord__alpha,param_tfidf__max_df,param_tfidf__max_features,param_tfidf__min_df,param_tfidf__ngram_range,params,split0_test_score,split1_test_score,split2_test_score,split3_test_score,split4_test_score,mean_test_score,std_test_score,rank_test_score,split0_train_score,split1_train_score,split2_train_score,split3_train_score,split4_train_score,mean_train_score,std_train_score
1.7066146373748778,0.07233879187794513,0.1901871681213379,0.014597921213026475,0.0,0.9,20000,1,"(1, 2)","{'ord__alpha': 0.0, 'tfidf__max_df': 0.9, 'tfidf__max_features': 20000, 'tfidf__min_df': 1, 'tfidf__ngram_range': (1, 2)}",0.6620375144661006,0.7321436679834719,0.7180766458021033,0.675226551092776,0.6517648160284618,0.6878498390745827,0.03163338588819471,1,1.0,1.0,1.0,1.0,1.0,1.0,0.0
1.728084135055542,0.09166089247753424,0.20185589790344238,0.018929094324741172,0.0,0.95,20000,1,"(1, 2)","{'ord__alpha': 0.0, 'tfidf__max_df': 0.95, 'tfidf__max_features': 20000, 'tfidf__min_df': 1, 'tfidf__ngram_range': (1, 2)}",0.6600901201986793,0.7276016246288269,0.7252138105796642,0.6671125190660565,0.6407569965548161,0.6841550142056085,0.03557073633513357,2,1.0,1.0,1.0,1.0,1.0,1.0,0.0
1.6608619689941406,0.0583547194006253,0.17804436683654784,0.010067824924445008,0.0,0.85,20000,3,"(1, 2)","{'ord__alpha': 0.0, 'tfidf__max_df': 0.85, 'tfidf__max_features': 20000, 'tfidf__min_df': 3, 'tfidf__ngram_range': (1, 2)}",0.6583419244981408,0.7261916669445092,0.7118104144623821,0.6681611240784822,0.6463008748573602,0.6821612009681749,0.031199618164860356,3,1.0,1.0,1.0,1.0,1.0,1.0,0.0
1.8697149753570557,0.10537864434864329,0.19130163192749022,0.01612883939976682,0.0,0.95,50000,3,"(1, 2)","{'ord__alpha': 0.0, 'tfidf__max_df': 0.95, 'tfidf__max_features': 50000, 'tfidf__min_df': 3, 'tfidf__ngram_range': (1, 2)}",0.6723845707590631,0.7196315619373008,0.7078147528692542,0.6582085644236033,0.646031594975257,0.6808142089928956,0.028382108675277063,4,1.0,1.0,1.0,1.0,1.0,1.0,0.0
1.4230710983276367,0.048535111055255514,0.16337318420410157,0.00626790370766838,0.0,0.85,10000,5,"(1, 2)","{'ord__alpha': 0.0, 'tfidf__max_df': 0.85, 'tfidf__max_features': 10000, 'tfidf__min_df': 5, 'tfidf__ngram_range': (1, 2)}",0.6638884508818959,0.7128623085729832,0.7030529345736227,0.6638834277784202,0.6600707367253057,0.6807515717064454,0.022472410938226467,5,1.0,1.0,1.0,1.0,1.0,1.0,0.0
1.7159009456634522,0.06910097477739655,0.19584479331970214,0.011010129199318007,0.0,0.9,20000,3,"(1, 2)","{'ord__alpha': 0.0, 'tfidf__max_df': 0.9, 'tfidf__max_features': 20000, 'tfidf__min_df': 3, 'tfidf__ngram_range': (1, 2)}",0.6602764053641765,0.7120331950207469,0.7015584326227309,0.6851830249865851,0.6445793090419628,0.6807260734072405,0.025134697009262515,6,1.0,1.0,1.0,1.0,1.0,1.0,0.0
1.918680238723755,0.13200014254389414,0.1757291793823242,0.007557700562330975,0.0,0.9,50000,3,"(1, 2)","{'ord__alpha': 0.0, 'tfidf__max_df': 0.9, 'tfidf__max_features': 50000, 'tfidf__min_df': 3, 'tfidf__ngram_range': (1, 2)}",0.6690415177596727,0.722416091820764,0.7116210351355094,0.6636076924900998,0.6361337587144039,0.68056401918409,0.031970196506200386,7,1.0,1.0,1.0,1.0,1.0,1.0,0.0
1.527083396911621,0.020724609371300867,0.1654811382293701,0.008435375425896027,0.0,0.85,20000,5,"(1, 2)","{'ord__alpha': 0.0, 'tfidf__max_df': 0.85, 'tfidf__max_features': 20000, 'tfidf__min_df': 5, 'tfidf__ngram_range': (1, 2)}",0.6575710285950338,0.7107877368053522,0.7017909729463396,0.6566588973761337,0.6755895176034878,0.6804796306652694,0.022310980241222057,8,1.0,1.0,1.0,1.0,1.0,1.0,0.0
1.6150261878967285,0.09562827125645554,0.17268195152282714,0.017796102514850996,0.0,0.85,50000,5,"(1, 2)","{'ord__alpha': 0.0, 'tfidf__max_df': 0.85, 'tfidf__max_features': 50000, 'tfidf__min_df': 5, 'tfidf__ngram_range': (1, 2)}",0.6575710285950338,0.7107877368053522,0.7017909729463396,0.6566588973761337,0.6755895176034878,0.6804796306652694,0.022310980241222057,8,1.0,1.0,1.0,1.0,1.0,1.0,0.0
1.6491944789886475,0.09064332885081398,0.17929720878601074,0.009387620317920295,0.0,0.95,20000,3,"(1, 2)","{'ord__alpha': 0.0, 'tfidf__max_df': 0.95, 'tfidf__max_features': 20000, 'tfidf__min_df': 3, 'tfidf__ngram_range': (1, 2)}",0.6725586319593087,0.7256359282519316,0.706590794826089,0.6600052091965998,0.6372140147498881,0.6804009157967633,0.03185815688620321,10,1.0,1.0,1.0,1.0,1.0,1.0,0.0
1.6727543830871583,0.15910491429034865,0.19476561546325682,0.009337268366970223,0.0,0.95,50000,5,"(1, 2)","{'ord__alpha': 0.0, 'tfidf__max_df': 0.95, 'tfidf__max_features': 50000, 'tfidf__min_df': 5, 'tfidf__ngram_range': (1, 2)}",0.6620375144661006,0.7128623085729832,0.7101489628289016,0.672628250986546,0.6435186281708155,0.6802391330050693,0.027190032813683793,11,1.0,1.0,1.0,1.0,1.0,1.0,0.0
1.5718534946441651,0.0814665728291592,0.1713405132293701,0.013799250689195788,0.0,0.95,20000,5,"(1, 2)","{'ord__alpha': 0.0, 'tfidf__max_df': 0.95, 'tfidf__max_features': 20000, 'tfidf__min_df': 5, 'tfidf__ngram_range': (1, 2)}",0.6620375144661006,0.7128623085729832,0.7101489628289016,0.672628250986546,0.6435186281708155,0.6802391330050693,0.027190032813683793,11,1.0,1.0,1.0,1.0,1.0,1.0,0.0
1.426442289352417,0.07742977787671276,0.16585378646850585,0.005121307624212883,0.0,0.95,10000,1,"(1, 2)","{'ord__alpha': 0.0, 'tfidf__max_df': 0.95, 'tfidf__max_features': 10000, 'tfidf__min_df': 1, 'tfidf__ngram_range': (1, 2)}",0.6667047819425069,0.7058424604116511,0.7211021429299161,0.6502832428366594,0.6555699601814983,0.6799005176604462,0.028333177565936445,13,1.0,1.0,1.0,1.0,1.0,1.0,0.0
1.6252702713012694,0.09269029985285096,0.1735553741455078,0.007137903926150542,0.0,0.9,50000,5,"(1, 2)","{'ord__alpha': 0.0, 'tfidf__max_df': 0.9, 'tfidf__max_features': 50000, 'tfidf__min_df': 5, 'tfidf__ngram_range': (1, 2)}",0.6540854559829501,0.7107877368053522,0.7088959628578324,0.6889579003899409,0.6339571186759451,0.679336834942404,0.03050382585590705,14,1.0,1.0,1.0,1.0,1.0,1.0,0.0
1.5649259567260743,0.0833184626730358,0.17919535636901857,0.011276095715824825,0.0,0.9,20000,5,"(1, 2)","{'ord__alpha': 0.0, 'tfidf__max_df': 0.9, 'tfidf__max_features': 20000, 'tfidf__min_df': 5, 'tfidf__ngram_range': (1, 2)}",0.6540854559829501,0.7107877368053522,0.7088959628578324,0.6889579003899409,0.6339571186759451,0.679336834942404,0.03050382585590705,14,1.0,1.0,1.0,1.0,1.0,1.0,0.0
1.5174245357513427,0.06609100912139626,0.17786011695861817,0.008565913012493497,0.0,0.95,10000,5,"(1, 2)","{'ord__alpha': 0.0, 'tfidf__max_df': 0.95, 'tfidf__max_features': 10000, 'tfidf__min_df': 5, 'tfidf__ngram_range': (1, 2)}",0.6498325764873171,0.7133021206279262,0.714068020453545,0.6576331168075249,0.65907773630399,0.6787827141360607,0.028671743424047838,16,1.0,1.0,1.0,1.0,1.0,1.0,0.0
1.5603318691253663,0.05753132302410002,0.18223795890808106,0.009073675258838816,0.0,0.85,20000,1,"(1, 2)","{'ord__alpha': 0.0, 'tfidf__max_df': 0.85, 'tfidf__max_features': 20000, 'tfidf__min_df': 1, 'tfidf__ngram_range': (1, 2)}",0.6575710285950338,0.7082841043351813,0.7175800325556159,0.6609329244391156,0.645238208784396,0.6779212597418685,0.02920834763168639,17,1.0,1.0,1.0,1.0,1.0,1.0,0.0
2.283224868774414,0.10721894382500734,0.22512636184692383,0.01602244268440656,0.0,0.95,50000,1,"(1, 2)","{'ord__alpha': 0.0, 'tfidf__max_df': 0.95, 'tfidf__max_features': 50000, 'tfidf__min_df': 1, 'tfidf__ngram_range': (1, 2)}",0.6721757441238404,0.7166649888706196,0.7100884216389334,0.6441743601729578,0.6424346090798945,0.6771076247772492,0.03150764795243178,18,1.0,1.0,1.0,1.0,1.0,1.0,0.0
1.5096116065979004,0.0732329632625688,0.17455825805664063,0.009949106821768097,0.0,0.9,10000,3,"(1, 2)","{'ord__alpha': 0.0, 'tfidf__max_df': 0.9, 'tfidf__max_features': 10000, 'tfidf__min_df': 3, 'tfidf__ngram_range': (1, 2)}",0.6533623938609636,0.6984885555530149,0.7095594713656388,0.6638834277784202,0.6513147225761613,0.6753217142268398,0.02407616392555337,19,1.0,1.0,1.0,1.0,1.0,1.0,0.0
2.0140469074249268,0.09314280358873994,0.19480671882629394,0.023537758944101858,0.0,0.85,50000,3,"(1, 2)","{'ord__alpha': 0.0, 'tfidf__max_df': 0.85, 'tfidf__max_features': 50000, 'tfidf__min_df': 3, 'tfidf__ngram_range': (1, 2)}",0.6610250352128675,0.7088992177757624,0.7152088222034702,0.649260944388128,0.6405731343283582,0.6749934307817173,0.031012622712668463,20,1.0,1.0,1.0,1.0,1.0,1.0,0.0
2.707811117172241,0.2140859427139297,0.20592284202575684,0.02160595271458987,0.001,0.95,10000,1,"(1, 2)","{'ord__alpha': 0.001, 'tfidf__max_df': 0.95, 'tfidf__max_features': 10000, 'tfidf__min_df': 1, 'tfidf__ngram_range': (1, 2)}",0.6683883592345673,0.7044120564313803,0.684817290448797,0.6703366504340462,0.6464162379307914,0.6748741188959164,0.019203442930013637,21,1.0,1.0,1.0,1.0,1.0,1.0,0.0
1.4930388927459717,0.08762742801290742,0.1813901424407959,0.015164617256345263,0.0,0.95,10000,3,"(1, 2)","{'ord__alpha': 0.0, 'tfidf__max_df': 0.95, 'tfidf__max_features': 10000, 'tfidf__min_df': 3, 'tfidf__ngram_range': (1, 2)}",0.6480405716920239,0.703516786475125,0.7056630728364472,0.6502832428366594,0.6592928460199688,0.6733593039720449,0.02578532634998932,22,1.0,1.0,1.0,1.0,1.0,1.0,0.0
2.2339602947235107,0.07614659807735488,0.2188619613647461,0.020506892051358517,0.0,0.9,50000,1,"(1, 2)","{'ord__alpha': 0.0, 'tfidf__max_df': 0.9, 'tfidf__max_features': 50000, 'tfidf__min_df': 1, 'tfidf__ngram_range': (1, 2)}",0.6448068786679405,0.7078326961587476,0.7107348745465005,0.6530559895529697,0.6493549848582398,0.6731570847568797,0.029627070340595904,23,1.0,1.0,1.0,1.0,1.0,1.0,0.0
3.0748682975769044,0.31754725480176155,0.20908036231994628,0.02014994479441563,0.01,0.95,50000,5,"(1, 2)","{'ord__alpha': 0.01, 'tfidf__max_df': 0.95, 'tfidf__max_features': 50000, 'tfidf__min_df': 5, 'tfidf__ngram_range': (1, 2)}",0.6841793897472069,0.6972112017312189,0.702411860762914,0.6287106031011116,0.6463008748573602,0.6717627860399624,0.02913059926284323,24,1.0,1.0,1.0,1.0,1.0,1.0,0.0
2.632111835479736,0.1513605402697008,0.22261447906494142,0.03000698829945407,0.01,0.95,20000,5,"(1, 2)","{'ord__alpha': 0.01, 'tfidf__max_df': 0.95, 'tfidf__max_features': 20000, 'tfidf__min_df': 5, 'tfidf__ngram_range': (1, 2)}",0.6841793897472069,0.6972112017312189,0.702411860762914,0.6287106031011116,0.6463008748573602,0.6717627860399624,0.02913059926284323,24,1.0,1.0,1.0,1.0,1.0,1.0,0.0
1.4134392261505127,0.07756581661101324,0.17620353698730468,0.016542465538874496,0.0,0.9,10000,1,"(1, 2)","{'ord__alpha': 0.0, 'tfidf__max_df': 0.9, 'tfidf__max_features': 10000, 'tfidf__min_df': 1, 'tfidf__ngram_range': (1, 2)}",0.6499200834306313,0.6886054093351357,0.7097350334599385,0.6611360755847449,0.6485850145422649,0.6715963232705431,0.02388583977295823,26,1.0,1.0,1.0,1.0,1.0,1.0,0.0
2.7865833759307863,0.14337291336574726,0.22971649169921876,0.015366844760625468,0.001,0.9,10000,3,"(1, 2)","{'ord__alpha': 0.001, 'tfidf__max_df': 0.9, 'tfidf__max_features': 10000, 'tfidf__min_df': 3, 'tfidf__ngram_range': (1, 2)}",0.6612845806681289,0.7076461423048069,0.6812478924663666,0.66587186151315,0.6393553978403954,0.6710811749585697,0.022671542170443277,27,1.0,1.0,1.0,1.0,1.0,1.0,0.0
1.6150883197784425,0.0520433566078645,0.172047758102417,0.014554570754384788,0.0,0.85,10000,1,"(1, 2)","{'ord__alpha': 0.0, 'tfidf__max_df': 0.85, 'tfidf__max_features': 10000, 'tfidf__min_df': 1, 'tfidf__ngram_range': (1, 2)}",0.6471441792443129,0.6971287364399958,0.6886426344242804,0.6574336303561972,0.6598633086789627,0.6700424978287497,0.019321293063144927,28,1.0,1.0,1.0,1.0,1.0,1.0,0.0
2.8577449798583983,0.06370090871953714,0.18073372840881347,0.008706199954244416,0.001,0.9,10000,5,"(1, 2)","{'ord__alpha': 0.001, 'tfidf__max_df': 0.9, 'tfidf__max_features': 10000, 'tfidf__min_df': 5, 'tfidf__ngram_range': (1, 2)}",0.6570328209672472,0.6945281008200899,0.68839726171178,0.6640219785425006,0.6439330152493217,0.6695826354581879,0.01909234490121258,29,1.0,1.0,1.0,1.0,1.0,1.0,0.0
1.4527408599853515,0.04948583156086335,0.1699491024017334,0.011824204258746312,0.0,0.9,10000,5,"(1, 2)","{'ord__alpha': 0.0, 'tfidf__max_df': 0.9, 'tfidf__max_features': 10000, 'tfidf__min_df': 5, 'tfidf__ngram_range': (1, 2)}",0.6339158754185588,0.6826195321610683,0.7062342675892586,0.6691093443945155,0.6558276737325924,0.6695413386591986,0.02439194553377367,30,1.0,1.0,1.0,1.0,1.0,1.0,0.0
2.2977707862854,0.07434695208754,0.1884021759033203,0.014344106829062302,0.01,0.95,10000,1,"(1, 2)","{'ord__alpha': 0.01, 'tfidf__max_df': 0.95, 'tfidf__max_features': 10000, 'tfidf__min_df': 1, 'tfidf__ngram_range': (1, 2)}",0.6765034240662945,0.704646417536291,0.6857467954672116,0.655585138279245,0.6240477611940298,0.6693059073086143,0.027595717082763007,31,1.0,1.0,1.0,1.0,1.0,1.0,0.0
2.9618853092193604,0.0938881465828509,0.20624470710754395,0.014964035271940396,0.001,0.85,10000,3,"(1, 2)","{'ord__alpha': 0.001, 'tfidf__max_df': 0.85, 'tfidf__max_features': 10000, 'tfidf__min_df': 3, 'tfidf__ngram_range': (1, 2)}",0.6543072747884437,0.7250582935277206,0.6731782188579203,0.6515119574637528,0.6408475910945666,0.6689806671464809,0.029914056396079924,32,1.0,1.0,1.0,1.0,1.0,1.0,0.0
3.796164608001709,0.11272736659027202,0.2628905773162842,0.04417316554032515,0.01,0.95,50000,3,"(1, 2)","{'ord__alpha': 0.01, 'tfidf__max_df': 0.95, 'tfidf__max_features': 50000, 'tfidf__min_df': 3, 'tfidf__ngram_range': (1, 2)}",0.6647038093830642,0.719166754635983,0.689470833431458,0.6205678079688071,0.647775994634602,0.6683370400107829,0.03390620472675391,33,1.0,1.0,1.0,1.0,1.0,1.0,0.0
3.801862049102783,0.1183810146762196,0.21145424842834473,0.010169704788532054,0.001,0.85,50000,5,"(1, 2)","{'ord__alpha': 0.001, 'tfidf__max_df': 0.85, 'tfidf__max_features': 50000, 'tfidf__min_df': 5, 'tfidf__ngram_range': (1, 2)}",0.6735209766824988,0.7091232703680312,0.6733887097912794,0.6388308977035491,0.645238208784396,0.6680204126659509,0.024978295887607842,34,1.0,1.0,1.0,1.0,1.0,1.0,0.0
3.212943363189697,0.11631446789720111,0.21681504249572753,0.018225863650163338,0.001,0.85,20000,5,"(1, 2)","{'ord__alpha': 0.001, 'tfidf__max_df': 0.85, 'tfidf__max_features': 20000, 'tfidf__min_df': 5, 'tfidf__ngram_range': (1, 2)}",0.6735209766824988,0.7091232703680312,0.6733887097912794,0.6388308977035491,0.645238208784396,0.6680204126659509,0.024978295887607842,34,1.0,1.0,1.0,1.0,1.0,1.0,0.0
2.3181724548339844,0.06419265258515605,0.20535683631896973,0.01446609560758413,0.01,0.95,10000,5,"(1, 2)","{'ord__alpha': 0.01, 'tfidf__max_df': 0.95, 'tfidf__max_features': 10000, 'tfidf__min_df': 5, 'tfidf__ngram_range': (1, 2)}",0.6640387275242047,0.6992644992035979,0.6796087002255701,0.6620849309122476,0.6334134901549964,0.6676820696041232,0.02171926250080662,36,1.0,1.0,1.0,1.0,1.0,1.0,0.0
3.7161282539367675,0.40603710769571344,0.20439844131469725,0.012601937562304972,0.001,0.95,50000,5,"(1, 2)","{'ord__alpha': 0.001, 'tfidf__max_df': 0.95, 'tfidf__max_features': 50000, 'tfidf__min_df': 5, 'tfidf__ngram_range': (1, 2)}",0.6822883108955882,0.7011540448986622,0.6796087002255701,0.6290649195949971,0.6445793090419628,0.6673390569313561,0.026459000225687382,37,1.0,1.0,1.0,1.0,1.0,1.0,0.0
3.1791224479675293,0.08725485487223261,0.2044297695159912,0.039267174358206015,0.001,0.95,20000,5,"(1, 2)","{'ord__alpha': 0.001, 'tfidf__max_df': 0.95, 'tfidf__max_features': 20000, 'tfidf__min_df': 5, 'tfidf__ngram_range': (1, 2)}",0.6822883108955882,0.7011540448986622,0.6796087002255701,0.6290649195949971,0.6445793090419628,0.6673390569313561,0.026459000225687382,37,1.0,1.0,1.0,1.0,1.0,1.0,0.0
1.4798521518707275,0.11000712549058467,0.1751711368560791,0.00990409494245208,0.0,0.85,10000,3,"(1, 2)","{'ord__alpha': 0.0, 'tfidf__max_df': 0.85, 'tfidf__max_features': 10000, 'tfidf__min_df': 3, 'tfidf__ngram_range': (1, 2)}",0.641874225952938,0.6887462913130477,0.6851990815926527,0.6592012382448817,0.6563239050231766,0.6662689484253395,0.017930642961116367,39,1.0,1.0,1.0,1.0,1.0,1.0,0.0
2.2068690776824953,0.06302383611469026,0.21473350524902343,0.02659728379542154,0.0,0.85,50000,1,"(1, 2)","{'ord__alpha': 0.0, 'tfidf__max_df': 0.85, 'tfidf__max_features': 50000, 'tfidf__min_df': 1, 'tfidf__ngram_range': (1, 2)}",0.6306873614190688,0.7009122964123804,0.6839817856936999,0.6491511906118264,0.6636695018226002,0.6656804271919151,0.024811281574006083,40,1.0,1.0,1.0,1.0,1.0,1.0,0.0
2.690053606033325,0.1371797984170561,0.19496045112609864,0.016550353227433742,0.001,0.9,10000,1,"(1, 2)","{'ord__alpha': 0.001, 'tfidf__max_df': 0.9, 'tfidf__max_features': 10000, 'tfidf__min_df': 1, 'tfidf__ngram_range': (1, 2)}",0.6622542339887094,0.7052855696850531,0.6812478924663666,0.6408990050819554,0.6374873449014669,0.6654348092247103,0.02542171991324594,41,1.0,1.0,1.0,1.0,1.0,1.0,0.0
3.7515252113342283,0.4059057036792247,0.21351184844970703,0.007375663266849427,0.001,0.9,50000,5,"(1, 2)","{'ord__alpha': 0.001, 'tfidf__max_df': 0.9, 'tfidf__max_features': 50000, 'tfidf__min_df': 5, 'tfidf__ngram_range': (1, 2)}",0.6795215461897146,0.7011540448986622,0.6831940445255986,0.6274639721716084,0.6353236541057767,0.6653314523782721,0.0287683962356125,42,1.0,1.0,1.0,1.0,1.0,1.0,0.0
2.962273693084717,0.09224784485979044,0.2096418857574463,0.030369233059479816,0.001,0.9,20000,5,"(1, 2)","{'ord__alpha': 0.001, 'tfidf__max_df': 0.9, 'tfidf__max_features': 20000, 'tfidf__min_df': 5, 'tfidf__ngram_range': (1, 2)}",0.6795215461897146,0.7011540448986622,0.6831940445255986,0.6274639721716084,0.6353236541057767,0.6653314523782721,0.0287683962356125,42,1.0,1.0,1.0,1.0,1.0,1.0,0.0
2.7745487689971924,0.11043073841355686,0.2021695613861084,0.01295594192160343,0.001,0.95,10000,5,"(1, 2)","{'ord__alpha': 0.001, 'tfidf__max_df': 0.95, 'tfidf__max_features': 10000, 'tfidf__min_df': 5, 'tfidf__ngram_range': (1, 2)}",0.6570328209672472,0.6963137566075825,0.6786547411115149,0.6594245867033515,0.6347642505277973,0.6652380311834987,0.02085896322828157,44,1.0,1.0,1.0,1.0,1.0,1.0,0.0
2.7834381103515624,0.07868584835591462,0.21816468238830566,0.015975965581536907,0.001,0.95,10000,3,"(1, 2)","{'ord__alpha': 0.001, 'tfidf__max_df': 0.95, 'tfidf__max_features': 10000, 'tfidf__min_df': 3, 'tfidf__ngram_range': (1, 2)}",0.6560559625397332,0.6951848170322938,0.684817290448797,0.6621968146422943,0.6266479005395261,0.6649805570405289,0.023927321108423587,45,1.0,1.0,1.0,1.0,1.0,1.0,0.0
3.4358917713165282,0.2173576993535158,0.25240530967712405,0.03557351508839024,0.001,0.95,20000,3,"(1, 2)","{'ord__alpha': 0.001, 'tfidf__max_df': 0.95, 'tfidf__max_features': 20000, 'tfidf__min_df': 3, 'tfidf__ngram_range': (1, 2)}",0.6683883592345673,0.7133599376388873,0.6829416863856805,0.6237403639351393,0.6358940017219936,0.6648648697832537,0.03231561251218467,46,1.0,1.0,1.0,1.0,1.0,1.0,0.0
2.3634570598602296,0.12870804790775695,0.19816784858703612,0.016568790820707828,0.01,0.9,10000,3,"(1, 2)","{'ord__alpha': 0.01, 'tfidf__max_df': 0.9, 'tfidf__max_features': 10000, 'tfidf__min_df': 3, 'tfidf__ngram_range': (1, 2)}",0.6702011931889751,0.6849806053031822,0.6812478924663666,0.6527028661264965,0.6314832100715637,0.6641231534313168,0.01980414813898312,47,1.0,1.0,1.0,1.0,1.0,1.0,0.0
3.265778732299805,0.13460222078025685,0.24615817070007323,0.01428124491827364,0.001,0.9,20000,3,"(1, 2)","{'ord__alpha': 0.001, 'tfidf__max_df': 0.9, 'tfidf__max_features': 20000, 'tfidf__min_df': 3, 'tfidf__ngram_range': (1, 2)}",0.6656540122652097,0.7008063012677106,0.6828703971495008,0.6295859696393775,0.6405731343283582,0.6638979629300314,0.026254991606182568,48,1.0,1.0,1.0,1.0,1.0,1.0,0.0
2.301094913482666,0.08603032281661997,0.1986064910888672,0.01020684559144161,0.01,0.9,10000,5,"(1, 2)","{'ord__alpha': 0.01, 'tfidf__max_df': 0.9, 'tfidf__max_features': 10000, 'tfidf__min_df': 5, 'tfidf__ngram_range': (1, 2)}",0.6711426255152491,0.6787225314972165,0.6812478924663666,0.6602399827557301,0.6267798072774342,0.6636265679023993,0.01981939981832709,49,1.0,1.0,1.0,1.0,1.0,1.0,0.0
2.690369749069214,0.11851065293283383,0.22823743820190429,0.01256278288710773,0.001,0.85,10000,1,"(1, 2)","{'ord__alpha': 0.001, 'tfidf__max_df': 0.85, 'tfidf__max_features': 10000, 'tfidf__min_df': 1, 'tfidf__ngram_range': (1, 2)}",0.6498325764873171,0.7242655405712211,0.6776890209920119,0.6345211839814278,0.6314832100715637,0.6635583064207082,0.03448306053721422,50,1.0,1.0,1.0,1.0,1.0,1.0,0.0
2.9920347690582276,0.08346647152004216,0.19488515853881835,0.011230445675042278,0.001,0.85,10000,5,"(1, 2)","{'ord__alpha': 0.001, 'tfidf__max_df': 0.85, 'tfidf__max_features': 10000, 'tfidf__min_df': 5, 'tfidf__ngram_range': (1, 2)}",0.6498325764873171,0.7070460457262812,0.6767356825115867,0.6388308977035491,0.645238208784396,0.663536682242626,0.02529937056133366,51,1.0,1.0,1.0,1.0,1.0,1.0,0.0
3.0321117401123048,0.2146591044552638,0.2120271682739258,0.021963455679946533,0.01,0.9,50000,5,"(1, 2)","{'ord__alpha': 0.01, 'tfidf__max_df': 0.9, 'tfidf__max_features': 50000, 'tfidf__min_df': 5, 'tfidf__ngram_range': (1, 2)}",0.6648747396469671,0.6972112017312189,0.6861056613526627,0.6323326973700099,0.6325912138783497,0.6626231027958418,0.02672923502706785,52,1.0,1.0,1.0,1.0,1.0,1.0,0.0
2.6455071926116944,0.1625561601588967,0.18946366310119628,0.011859308076609978,0.01,0.9,20000,5,"(1, 2)","{'ord__alpha': 0.01, 'tfidf__max_df': 0.9, 'tfidf__max_features': 20000, 'tfidf__min_df': 5, 'tfidf__ngram_range': (1, 2)}",0.6648747396469671,0.6972112017312189,0.6861056613526627,0.6323326973700099,0.6325912138783497,0.6626231027958418,0.02672923502706785,52,1.0,1.0,1.0,1.0,1.0,1.0,0.0
2.3729739665985106,0.08095000798407428,0.225266170501709,0.014981065398498179,0.01,0.95,10000,3,"(1, 2)","{'ord__alpha': 0.01, 'tfidf__max_df': 0.95, 'tfidf__max_features': 10000, 'tfidf__min_df': 3, 'tfidf__ngram_range': (1, 2)}",0.6560396496081143,0.6965545385646825,0.6796087002255701,0.655585138279245,0.6251755910573558,0.6625927235469934,0.024228244569930675,54,1.0,1.0,1.0,1.0,1.0,1.0,0.0
4.716827535629273,0.31510430139018686,0.2879199028015137,0.08659829458499899,0.001,0.95,50000,3,"(1, 2)","{'ord__alpha': 0.001, 'tfidf__max_df': 0.95, 'tfidf__max_features': 50000, 'tfidf__min_df': 3, 'tfidf__ngram_range': (1, 2)}",0.6753609792937092,0.6954109757382114,0.6829416863856805,0.6189888429052011,0.6394883709789456,0.6624381710603495,0.028597679635127347,55,1.0,1.0,1.0,1.0,1.0,1.0,0.0
3.2368125438690187,0.42981214863207245,0.2583291053771973,0.06343499521334854,0.01,0.95,20000,3,"(1, 2)","{'ord__alpha': 0.01, 'tfidf__max_df': 0.95, 'tfidf__max_features': 20000, 'tfidf__min_df': 3, 'tfidf__ngram_range': (1, 2)}",0.6603093436524663,0.705876812959126,0.6776950842415905,0.6253497822225467,0.6405731343283582,0.6619608314808174,0.028201808695426142,56,1.0,1.0,1.0,1.0,1.0,1.0,0.0
2.185188388824463,0.12531169284843274,0.2131354808807373,0.01317819395001205,0.1,0.95,20000,3,"(1, 2)","{'ord__alpha': 0.1, 'tfidf__max_df': 0.95, 'tfidf__max_features': 20000, 'tfidf__min_df': 3, 'tfidf__ngram_range': (1, 2)}",0.6645208451235616,0.6984866404383192,0.673557506754149,0.62355035731065,0.6476749260534356,0.6615580551360231,0.02511498255298467,57,0.997163730124624,0.9952614542207247,0.9952614542207247,0.9952827076373881,0.9924171911625015,0.9950773074731927,0.0015191700065177534
2.2645179271697997,0.12119111495761435,0.20302577018737794,0.018028058553486135,0.01,0.85,10000,1,"(1, 2)","{'ord__alpha': 0.01, 'tfidf__max_df': 0.85, 'tfidf__max_features': 10000, 'tfidf__min_df': 1, 'tfidf__ngram_range': (1, 2)}",0.6612845806681289,0.702332375034777,0.6733887097912794,0.6383762084610085,0.6314832100715637,0.6613730168053514,0.025472759827150557,58,1.0,1.0,1.0,1.0,1.0,1.0,0.0
2.2568384170532227,0.17772542499841512,0.2031099319458008,0.007185912064827047,0.01,0.9,10000,1,"(1, 2)","{'ord__alpha': 0.01, 'tfidf__max_df': 0.9, 'tfidf__max_features': 10000, 'tfidf__min_df': 1, 'tfidf__ngram_range': (1, 2)}",0.6667047819425069,0.6869792284866469,0.67507081489805,0.6462337912286189,0.6314832100715637,0.6612943653254775,0.019971485854103993,59,1.0,1.0,1.0,1.0,1.0,1.0,0.0
4.962514925003052,0.2631046131225562,0.280442476272583,0.05004841884044627,0.001,0.9,50000,3,"(1, 2)","{'ord__alpha': 0.001, 'tfidf__max_df': 0.9, 'tfidf__max_features': 50000, 'tfidf__min_df': 3, 'tfidf__ngram_range': (1, 2)}",0.6700550134703764,0.6850803658856965,0.6864239868387516,0.6165281291410674,0.647775994634602,0.6611726979940988,0.026308587531551596,60,1.0,1.0,1.0,1.0,1.0,1.0,0.0
2.813097095489502,0.160042285728999,0.2156580924987793,0.022453859373109154,0.1,0.95,50000,3,"(1, 2)","{'ord__alpha': 0.1, 'tfidf__max_df': 0.95, 'tfidf__max_features': 50000, 'tfidf__min_df': 3, 'tfidf__ngram_range': (1, 2)}",0.6517339504787995,0.6975595583962813,0.682253830657469,0.6321060310081352,0.639909885642922,0.6607126512367213,0.02511345385491806,61,0.997163730124624,0.9952614542207247,0.9971656712205882,0.9962319817005254,0.9962203273899548,0.9964086329312835,0.0007107689316573965
2.912929153442383,0.17837191846652986,0.28498167991638185,0.03282039766421701,0.01,0.9,20000,3,"(1, 2)","{'ord__alpha': 0.01, 'tfidf__max_df': 0.9, 'tfidf__max_features': 20000, 'tfidf__min_df': 3, 'tfidf__ngram_range': (1, 2)}",0.6628496078839614,0.6988813998549743,0.6812478924663666,0.6205678079688071,0.6386748289521066,0.6604443074252433,0.028213578635838343,62,1.0,1.0,1.0,1.0,1.0,1.0,0.0
2.367544078826904,0.20020650914228488,0.19680509567260743,0.02253219038598958,0.01,0.85,10000,3,"(1, 2)","{'ord__alpha': 0.01, 'tfidf__max_df': 0.85, 'tfidf__max_features': 10000, 'tfidf__min_df': 3, 'tfidf__ngram_range': (1, 2)}",0.6612845806681289,0.6947464724304162,0.6697994619424115,0.6337274305968552,0.6408475910945666,0.6600811073464757,0.021734887743566095,63,1.0,1.0,1.0,1.0,1.0,1.0,0.0
3.303972625732422,0.13197185276888632,0.24265456199645996,0.04340308263026697,0.001,0.95,20000,1,"(1, 2)","{'ord__alpha': 0.001, 'tfidf__max_df': 0.95, 'tfidf__max_features': 20000, 'tfidf__min_df': 1, 'tfidf__ngram_range': (1, 2)}",0.6779108464829866,0.6862422331447648,0.689071718664541,0.6043667701788594,0.6424515975769094,0.6600086332096122,0.03242721191698283,64,1.0,1.0,1.0,1.0,1.0,1.0,0.0
3.6161810874938967,0.16806543622190923,0.26268877983093264,0.07093586900018979,0.01,0.9,50000,3,"(1, 2)","{'ord__alpha': 0.01, 'tfidf__max_df': 0.9, 'tfidf__max_features': 50000, 'tfidf__min_df': 3, 'tfidf__ngram_range': (1, 2)}",0.6683020649782907,0.6913140945806497,0.6822493543085232,0.6169306762050757,0.6405731343283582,0.6598738648801795,0.027483889030083156,65,1.0,1.0,1.0,1.0,1.0,1.0,0.0
1.7344911098480225,0.039154007628719914,0.18543071746826173,0.024503171427117477,0.1,0.95,10000,1,"(1, 2)","{'ord__alpha': 0.1, 'tfidf__max_df': 0.95, 'tfidf__max_features': 10000, 'tfidf__min_df': 1, 'tfidf__ngram_range': (1, 2)}",0.6418988648090815,0.6890049352915169,0.6875487736064255,0.6357365860742031,0.6449721489299326,0.6598322617422319,0.023419142495771095,66,0.9962124472755445,0.988544570931091,0.9914277585588409,0.9905100879065541,0.9895248668552012,0.9912439463054463,0.002664589970405183
2.690050792694092,0.2279386643054632,0.21816210746765136,0.021741648791486927,0.01,0.95,20000,1,"(1, 2)","{'ord__alpha': 0.01, 'tfidf__max_df': 0.95, 'tfidf__max_features': 20000, 'tfidf__min_df': 1, 'tfidf__ngram_range': (1, 2)}",0.6760775027890986,0.6974645365003063,0.6731271930857452,0.61096037740461,0.6394883709789456,0.6594235961517411,0.03052327338881236,67,1.0,1.0,1.0,1.0,1.0,1.0,0.0
2.3584554195404053,0.150367208714062,0.19966163635253906,0.02136477832788233,0.01,0.85,10000,5,"(1, 2)","{'ord__alpha': 0.01, 'tfidf__max_df': 0.85, 'tfidf__max_features': 10000, 'tfidf__min_df': 5, 'tfidf__ngram_range': (1, 2)}",0.6577909270216962,0.7059219615264056,0.6697994619424115,0.6203670211483276,0.6397644862497307,0.6587287715777143,0.02892025217422294,68,1.0,1.0,1.0,1.0,1.0,1.0,0.0
2.7782658100128175,0.11278240522358694,0.19869570732116698,0.004203114521892172,0.1,0.9,50000,3,"(1, 2)","{'ord__alpha': 0.1, 'tfidf__max_df': 0.9, 'tfidf__max_features': 50000, 'tfidf__min_df': 3, 'tfidf__ngram_range': (1, 2)}",0.6433710174717369,0.6975595583962813,0.683236164023418,0.6283978964521146,0.6378576068910757,0.6580844486469253,0.0271948327506613,69,0.997163730124624,0.9952614542207247,0.9971656712205882,0.9971749552073227,0.996215769355644,0.9965963160257807,0.0007625771051619118
2.104146146774292,0.08257974272897574,0.2176832675933838,0.019838907245594155,0.1,0.9,20000,3,"(1, 2)","{'ord__alpha': 0.1, 'tfidf__max_df': 0.9, 'tfidf__max_features': 20000, 'tfidf__min_df': 3, 'tfidf__ngram_range': (1, 2)}",0.6408337596516483,0.7022179246993413,0.6755237112150101,0.6272567423660814,0.6432124226616522,0.6578089121187467,0.02727864691568247,70,0.997163730124624,0.9952614542207247,0.9971656712205882,0.9952827076373881,0.9933627607743195,0.9956472647955289,0.001421684600051164
4.542422151565551,0.3669062753124158,0.28916049003601074,0.041465296117605105,0.001,0.85,50000,3,"(1, 2)","{'ord__alpha': 0.001, 'tfidf__max_df': 0.85, 'tfidf__max_features': 50000, 'tfidf__min_df': 3, 'tfidf__ngram_range': (1, 2)}",0.6543433474451563,0.7038429599557114,0.6731782188579203,0.603431218782424,0.6513937532984695,0.6572378996679363,0.032753066444469695,71,1.0,1.0,1.0,1.0,1.0,1.0,0.0
1.8287603855133057,0.06573837022839248,0.19049472808837892,0.00854880446357485,0.1,0.95,10000,3,"(1, 2)","{'ord__alpha': 0.1, 'tfidf__max_df': 0.95, 'tfidf__max_features': 10000, 'tfidf__min_df': 3, 'tfidf__ngram_range': (1, 2)}",0.6336666548046925,0.6915628666579755,0.6838647806281468,0.6337688882400174,0.641297719234053,0.656832181912977,0.025482772800951608,72,0.9962124472755445,0.989515582213212,0.9904785719781488,0.9914723179951647,0.9904804392587508,0.9916318717441641,0.002372412615675177
1.8066825866699219,0.06792085670643201,0.17722640037536622,0.0065998297506676094,0.1,0.95,10000,5,"(1, 2)","{'ord__alpha': 0.1, 'tfidf__max_df': 0.95, 'tfidf__max_features': 10000, 'tfidf__min_df': 5, 'tfidf__ngram_range': (1, 2)}",0.6265419322791621,0.6952166172106825,0.6838647806281468,0.6385237736582521,0.6384622861586314,0.656521877986975,0.02754558015185996,73,0.9962124472755445,0.988544570931091,0.991444057138389,0.9914723179951647,0.9895248668552012,0.9914396520390781,0.0026392634488069198
2.0180017948150635,0.1540263762092029,0.1823394775390625,0.012095237601051042,0.1,0.95,20000,5,"(1, 2)","{'ord__alpha': 0.1, 'tfidf__max_df': 0.95, 'tfidf__max_features': 20000, 'tfidf__min_df': 5, 'tfidf__ngram_range': (1, 2)}",0.6473493890477653,0.6929350425715106,0.6875487736064255,0.6189333003341171,0.6331389464552508,0.6559810904030139,0.029431010044196848,74,0.9962124472755445,0.9923920978817536,0.9952614542207247,0.9952827076373881,0.9914560802278378,0.9941209574486498,0.0018501487555438114
2.208118724822998,0.19139829631955116,0.18296828269958496,0.009443884435091384,0.1,0.95,50000,5,"(1, 2)","{'ord__alpha': 0.1, 'tfidf__max_df': 0.95, 'tfidf__max_features': 50000, 'tfidf__min_df': 5, 'tfidf__ngram_range': (1, 2)}",0.6473493890477653,0.6929350425715106,0.6875487736064255,0.6189333003341171,0.6331389464552508,0.6559810904030139,0.029431010044196848,74,0.9962124472755445,0.9923920978817536,0.9952614542207247,0.9952827076373881,0.9914560802278378,0.9941209574486498,0.0018501487555438114
2.3062181949615477,0.12229521197847575,0.19489698410034179,0.007927661360532776,0.1,0.9,50000,5,"(1, 2)","{'ord__alpha': 0.1, 'tfidf__max_df': 0.9, 'tfidf__max_features': 50000, 'tfidf__min_df': 5, 'tfidf__ngram_range': (1, 2)}",0.6378435441883901,0.6987338719401905,0.689601818049948,0.6286362851291667,0.6244176119038907,0.6558466262423173,0.031720735763027835,76,0.9962124472755445,0.9923920978817536,0.9943049053419933,0.9952827076373881,0.9904919767913747,0.9937368269856108,0.002058081872727892
1.9740617275238037,0.04969216839725123,0.208192777633667,0.026262868276820582,0.1,0.9,20000,5,"(1, 2)","{'ord__alpha': 0.1, 'tfidf__max_df': 0.9, 'tfidf__max_features': 20000, 'tfidf__min_df': 5, 'tfidf__ngram_range': (1, 2)}",0.6378435441883901,0.6987338719401905,0.689601818049948,0.6286362851291667,0.6244176119038907,0.6558466262423173,0.031720735763027835,76,0.9962124472755445,0.9923920978817536,0.9943049053419933,0.9952827076373881,0.9904919767913747,0.9937368269856108,0.002058081872727892
2.685242176055908,0.11674407890670808,0.21304526329040527,0.02696346934242471,0.01,0.85,20000,5,"(1, 2)","{'ord__alpha': 0.01, 'tfidf__max_df': 0.85, 'tfidf__max_features': 20000, 'tfidf__min_df': 5, 'tfidf__ngram_range': (1, 2)}",0.6522559895590566,0.6958387156301901,0.675329232064747,0.6057902185123888,0.6498144488891031,0.6558057209310972,0.030112637105554216,78,1.0,1.0,1.0,1.0,1.0,1.0,0.0
3.0298668384552,0.2725469199107347,0.19656820297241212,0.0071485048470660536,0.01,0.85,50000,5,"(1, 2)","{'ord__alpha': 0.01, 'tfidf__max_df': 0.85, 'tfidf__max_features': 50000, 'tfidf__min_df': 5, 'tfidf__ngram_range': (1, 2)}",0.6522559895590566,0.6958387156301901,0.675329232064747,0.6057902185123888,0.6498144488891031,0.6558057209310972,0.030112637105554216,78,1.0,1.0,1.0,1.0,1.0,1.0,0.0
2.5218137741088866,0.1348807637750416,0.2267488956451416,0.040557821205243004,0.01,0.9,20000,1,"(1, 2)","{'ord__alpha': 0.01, 'tfidf__max_df': 0.9, 'tfidf__max_features': 20000, 'tfidf__min_df': 1, 'tfidf__ngram_range': (1, 2)}",0.6655344930463121,0.6892879023516659,0.6832703090363803,0.6061347891013245,0.6328558336950754,0.6554166654461515,0.03150603450602674,80,1.0,1.0,1.0,1.0,1.0,1.0,0.0
2.084572124481201,0.15738872022086803,0.21612005233764647,0.012237052423031719,0.1,0.9,20000,1,"(1, 2)","{'ord__alpha': 0.1, 'tfidf__max_df': 0.9, 'tfidf__max_features': 20000, 'tfidf__min_df': 1, 'tfidf__ngram_range': (1, 2)}",0.6498985127066839,0.6760587286769074,0.6762549829760938,0.6352269105352195,0.6384622861586314,0.6551802842107072,0.0178077402356591,81,0.997163730124624,0.9952614542207247,0.9962150382592453,0.9952827076373881,0.9933627607743195,0.9954571382032604,0.0012603177011463454
2.811435317993164,0.188670546144128,0.23282275199890137,0.04861058774542186,0.01,0.85,20000,3,"(1, 2)","{'ord__alpha': 0.01, 'tfidf__max_df': 0.85, 'tfidf__max_features': 20000, 'tfidf__min_df': 3, 'tfidf__ngram_range': (1, 2)}",0.6620375144661006,0.6898080964045648,0.6716890980911607,0.5940456112048105,0.6560636182902585,0.654728787691379,0.032421774155487526,82,1.0,1.0,1.0,1.0,1.0,1.0,0.0
1.7920804023742676,0.11190491619121433,0.18968596458435058,0.009187574686695323,0.1,0.9,10000,3,"(1, 2)","{'ord__alpha': 0.1, 'tfidf__max_df': 0.9, 'tfidf__max_features': 10000, 'tfidf__min_df': 3, 'tfidf__ngram_range': (1, 2)}",0.6465390628701378,0.6952166172106825,0.6821884791516029,0.6210155807714082,0.6239493768717999,0.6537818233751261,0.030132505143351234,83,0.9952671887100938,0.9904835666438712,0.9924065404559911,0.9924315696853535,0.9895248668552012,0.9920227464701021,0.001972273652492922
3.302202558517456,0.1482719659927498,0.2214578628540039,0.013208558572620738,0.001,0.9,20000,1,"(1, 2)","{'ord__alpha': 0.001, 'tfidf__max_df': 0.9, 'tfidf__max_features': 20000, 'tfidf__min_df': 1, 'tfidf__ngram_range': (1, 2)}",0.6637481902025834,0.6775054998058891,0.6819357907805121,0.6117800352291098,0.6331339798422645,0.6536206991720719,0.027000522279285042,84,1.0,1.0,1.0,1.0,1.0,1.0,0.0
3.8501704692840577,0.21969897766601965,0.2547005176544189,0.029344272113360638,0.01,0.85,50000,3,"(1, 2)","{'ord__alpha': 0.01, 'tfidf__max_df': 0.85, 'tfidf__max_features': 50000, 'tfidf__min_df': 3, 'tfidf__ngram_range': (1, 2)}",0.6603093436524663,0.6857782861500334,0.6753052933303327,0.595272328500061,0.6495442048907538,0.6532418913047294,0.031526188090985424,85,1.0,1.0,1.0,1.0,1.0,1.0,0.0
2.140249156951904,0.12312675502425147,0.20404815673828125,0.005945781140890548,0.1,0.95,20000,1,"(1, 2)","{'ord__alpha': 0.1, 'tfidf__max_df': 0.95, 'tfidf__max_features': 20000, 'tfidf__min_df': 1, 'tfidf__ngram_range': (1, 2)}",0.6524704311331553,0.6760587286769074,0.6789546410333434,0.6207728873673062,0.6345336668042639,0.6525580710029952,0.022734311279183204,86,0.997163730124624,0.9943117925651107,0.9952614542207247,0.9943304988098272,0.9924171911625015,0.9946969333765576,0.0015416615892378212
4.953673505783081,0.29193740295184634,0.2843801498413086,0.05121750964458928,0.01,0.95,50000,1,"(1, 2)","{'ord__alpha': 0.01, 'tfidf__max_df': 0.95, 'tfidf__max_features': 50000, 'tfidf__min_df': 1, 'tfidf__ngram_range': (1, 2)}",0.6401493328417025,0.6940140401507083,0.6853515786002803,0.5954694921446839,0.6449548008795505,0.6519878489233852,0.03539287523724564,87,1.0,1.0,1.0,1.0,1.0,1.0,0.0
6.4834620475769045,0.6081416653022241,0.2597245216369629,0.030253215650114147,0.001,0.95,50000,1,"(1, 2)","{'ord__alpha': 0.001, 'tfidf__max_df': 0.95, 'tfidf__max_features': 50000, 'tfidf__min_df': 1, 'tfidf__ngram_range': (1, 2)}",0.6448068786679405,0.6762470416894228,0.6969079368776567,0.6021750065872997,0.6384447144592953,0.651716315656323,0.03262592886164428,88,1.0,1.0,1.0,1.0,1.0,1.0,0.0
3.519635534286499,0.14384419184320857,0.2351004123687744,0.023380162679831742,0.001,0.85,20000,1,"(1, 2)","{'ord__alpha': 0.001, 'tfidf__max_df': 0.85, 'tfidf__max_features': 20000, 'tfidf__min_df': 1, 'tfidf__ngram_range': (1, 2)}",0.6533623938609636,0.692476328186949,0.6760339837550182,0.595272328500061,0.639211832106815,0.6512713732819614,0.03345663791556038,89,1.0,1.0,1.0,1.0,1.0,1.0,0.0
1.780116081237793,0.10723184999462447,0.18598341941833496,0.02082031499381262,0.1,0.9,10000,1,"(1, 2)","{'ord__alpha': 0.1, 'tfidf__max_df': 0.9, 'tfidf__max_features': 10000, 'tfidf__min_df': 1, 'tfidf__ngram_range': (1, 2)}",0.6400028619468393,0.6869792284866469,0.6801919877434259,0.6278751436044097,0.6191916015577756,0.6508481646678195,0.027618950020601565,90,0.9952582119148202,0.988544570931091,0.991444057138389,0.9914723179951647,0.9895248668552012,0.9912488049669331,0.002299924776669933
3.620434617996216,0.21457985938604507,0.2822099208831787,0.03486978439210748,0.001,0.85,20000,3,"(1, 2)","{'ord__alpha': 0.001, 'tfidf__max_df': 0.85, 'tfidf__max_features': 20000, 'tfidf__min_df': 3, 'tfidf__ngram_range': (1, 2)}",0.6621991804577664,0.693384490175561,0.6652234275360613,0.5867335858890524,0.6448325000603821,0.6504746368237646,0.03547112219000605,91,1.0,1.0,1.0,1.0,1.0,1.0,0.0
1.7965564250946044,0.044658742602099975,0.1815715789794922,0.005866789694904892,0.1,0.9,10000,5,"(1, 2)","{'ord__alpha': 0.1, 'tfidf__max_df': 0.9, 'tfidf__max_features': 10000, 'tfidf__min_df': 5, 'tfidf__ngram_range': (1, 2)}",0.6364069346542198,0.6879200984568778,0.6821884791516029,0.6258448229251148,0.6191916015577756,0.6503103873491183,0.028951517318194498,92,0.9943118159096785,0.989515582213212,0.9924065404559911,0.9905100879065541,0.9895248668552012,0.9912537786681274,0.0018570939896449955
6.002709102630615,0.34487183318645126,0.2910628795623779,0.04525160455573836,0.001,0.85,50000,1,"(1, 2)","{'ord__alpha': 0.001, 'tfidf__max_df': 0.85, 'tfidf__max_features': 50000, 'tfidf__min_df': 1, 'tfidf__ngram_range': (1, 2)}",0.6435541859270673,0.684810500261144,0.6644179738176672,0.6028447684188105,0.6534404942919894,0.6498135845433357,0.027189985396602424,93,1.0,1.0,1.0,1.0,1.0,1.0,0.0
1.8571955680847168,0.18889973736754365,0.19179830551147461,0.023976439827704553,0.1,0.85,10000,1,"(1, 2)","{'ord__alpha': 0.1, 'tfidf__max_df': 0.85, 'tfidf__max_features': 10000, 'tfidf__min_df': 1, 'tfidf__ngram_range': (1, 2)}",0.6353213748298182,0.6924348409352241,0.6617974418520702,0.6124990769685186,0.6461827193763384,0.6496470907923939,0.026741823166591523,94,0.9933488814027813,0.9914381610647045,0.9923920978817536,0.9914723179951647,0.9904919767913747,0.9918286870271558,0.0009689918884608858
6.103478527069091,0.34931981583573574,0.3162734031677246,0.08458241193308799,0.001,0.9,50000,1,"(1, 2)","{'ord__alpha': 0.001, 'tfidf__max_df': 0.9, 'tfidf__max_features': 50000, 'tfidf__min_df': 1, 'tfidf__ngram_range': (1, 2)}",0.6395525369556532,0.6675285996282914,0.6872227099795142,0.6172111060883634,0.6359128184039284,0.6494855542111501,0.024795839990336622,95,1.0,1.0,1.0,1.0,1.0,1.0,0.0
4.9383467674255375,0.2613486110127067,0.28144187927246095,0.05542088754171261,0.01,0.9,50000,1,"(1, 2)","{'ord__alpha': 0.01, 'tfidf__max_df': 0.9, 'tfidf__max_features': 50000, 'tfidf__min_df': 1, 'tfidf__ngram_range': (1, 2)}",0.6436343914794429,0.672015123221984,0.6781535388127854,0.6108033576041995,0.6423794352975509,0.6493971692831926,0.024126504625088106,96,1.0,1.0,1.0,1.0,1.0,1.0,0.0
1.854513454437256,0.07720796955668917,0.1862794876098633,0.016930032380904625,0.1,0.85,10000,5,"(1, 2)","{'ord__alpha': 0.1, 'tfidf__max_df': 0.85, 'tfidf__max_features': 10000, 'tfidf__min_df': 5, 'tfidf__ngram_range': (1, 2)}",0.6353213748298182,0.6834169647787568,0.6581445082538386,0.629769020736477,0.6378576068910757,0.6489018950979932,0.019744313850331218,97,0.9943010102754511,0.9914485383540664,0.9923828575825191,0.9914723179951647,0.9895248668552012,0.9918259182124807,0.001549099622499367
2.2002636432647704,0.13966072049152983,0.22202792167663574,0.020537456103436616,0.1,0.85,20000,3,"(1, 2)","{'ord__alpha': 0.1, 'tfidf__max_df': 0.85, 'tfidf__max_features': 20000, 'tfidf__min_df': 3, 'tfidf__ngram_range': (1, 2)}",0.6433710174717369,0.7000792297904013,0.6486526051260781,0.6101191213254415,0.6401918324402358,0.6484827612307787,0.02908216878441917,98,0.997163730124624,0.9952614542207247,0.9952614542207247,0.9952827076373881,0.9933547290660961,0.9952648150539115,0.0012045455293653799
4.736401081085205,0.24510439806391132,0.31032609939575195,0.017818176871228567,0.01,0.85,50000,1,"(1, 2)","{'ord__alpha': 0.01, 'tfidf__max_df': 0.85, 'tfidf__max_features': 50000, 'tfidf__min_df': 1, 'tfidf__ngram_range': (1, 2)}",0.6395525369556532,0.6764795002680466,0.6781535388127854,0.5990778913473032,0.6486407125553625,0.6483808359878301,0.028930038083950626,99,1.0,1.0,1.0,1.0,1.0,1.0,0.0
0.5388360023498535,0.024461003597133827,0.07175097465515137,0.007762571328083419,0.1,0.95,10000,3,"(1, 1)","{'ord__alpha': 0.1, 'tfidf__max_df': 0.95, 'tfidf__max_features': 10000, 'tfidf__min_df': 3, 'tfidf__ngram_range': (1, 1)}",0.6600488662787267,0.7049946865037194,0.6573788652345631,0.5867335858890524,0.6325708566267119,0.6483453721065547,0.03865893980733475,100,0.9566132001051801,0.9574576138760841,0.9585192258703947,0.9558126682078651,0.9494307417675262,0.95556668996541,0.003196830009922321
0.576138687133789,0.033867358380713454,0.07728829383850097,0.006430093458795786,0.1,0.95,20000,3,"(1, 1)","{'ord__alpha': 0.1, 'tfidf__max_df': 0.95, 'tfidf__max_features': 20000, 'tfidf__min_df': 3, 'tfidf__ngram_range': (1, 1)}",0.6600488662787267,0.7049946865037194,0.6573788652345631,0.5867335858890524,0.6325708566267119,0.6483453721065547,0.03865893980733475,100,0.9566132001051801,0.9574576138760841,0.9585192258703947,0.9558126682078651,0.9494307417675262,0.95556668996541,0.003196830009922321
0.531438159942627,0.022509922286548394,0.07343058586120606,0.0035058776887231303,0.1,0.95,50000,3,"(1, 1)","{'ord__alpha': 0.1, 'tfidf__max_df': 0.95, 'tfidf__max_features': 50000, 'tfidf__min_df': 3, 'tfidf__ngram_range': (1, 1)}",0.6600488662787267,0.7049946865037194,0.6573788652345631,0.5867335858890524,0.6325708566267119,0.6483453721065547,0.03865893980733475,100,0.9566132001051801,0.9574576138760841,0.9585192258703947,0.9558126682078651,0.9494307417675262,0.95556668996541,0.003196830009922321
2.5658567905426026,0.17174027122323604,0.2262578010559082,0.01866688550380201,0.01,0.85,20000,1,"(1, 2)","{'ord__alpha': 0.01, 'tfidf__max_df': 0.85, 'tfidf__max_features': 20000, 'tfidf__min_df': 1, 'tfidf__ngram_range': (1, 2)}",0.6485995074685263,0.6690763525048566,0.6726723893972266,0.5998393026709844,0.6481068496507781,0.6476588803384744,0.025969910333421258,103,1.0,1.0,1.0,1.0,1.0,1.0,0.0
0.9051531791687012,0.025795692635339967,0.0748744010925293,0.003487911537194511,0.01,0.95,20000,3,"(1, 1)","{'ord__alpha': 0.01, 'tfidf__max_df': 0.95, 'tfidf__max_features': 20000, 'tfidf__min_df': 3, 'tfidf__ngram_range': (1, 1)}",0.6548112711949657,0.7077814841143982,0.6353254396412807,0.5865259471355213,0.6403848013148989,0.644965788680213,0.038914989331698145,104,1.0,1.0,1.0,1.0,1.0,1.0,0.0
0.903679609298706,0.11227484272338709,0.08899693489074707,0.009832246770212789,0.01,0.95,50000,3,"(1, 1)","{'ord__alpha': 0.01, 'tfidf__max_df': 0.95, 'tfidf__max_features': 50000, 'tfidf__min_df': 3, 'tfidf__ngram_range': (1, 1)}",0.6548112711949657,0.7077814841143982,0.6353254396412807,0.5865259471355213,0.6403848013148989,0.644965788680213,0.038914989331698145,104,1.0,1.0,1.0,1.0,1.0,1.0,0.0
0.8496768474578857,0.05558005903685135,0.0796973705291748,0.017283812929679385,0.01,0.95,10000,3,"(1, 1)","{'ord__alpha': 0.01, 'tfidf__max_df': 0.95, 'tfidf__max_features': 10000, 'tfidf__min_df': 3, 'tfidf__ngram_range': (1, 1)}",0.6548112711949657,0.7077814841143982,0.6353254396412807,0.5865259471355213,0.6403848013148989,0.644965788680213,0.038914989331698145,104,1.0,1.0,1.0,1.0,1.0,1.0,0.0
2.1111154556274414,0.08729955380873954,0.19146838188171386,0.012480659271842894,0.1,0.85,20000,1,"(1, 2)","{'ord__alpha': 0.1, 'tfidf__max_df': 0.85, 'tfidf__max_features': 20000, 'tfidf__min_df': 1, 'tfidf__ngram_range': (1, 2)}",0.6433710174717369,0.672356188262638,0.6626400602775684,0.604266640145205,0.641662967894659,0.6448593748103614,0.023377039410699633,107,0.997163730124624,0.9952614542207247,0.9962150382592453,0.9962274620094272,0.9924171911625015,0.9954569751553045,0.001634615388768228
3.345689868927002,0.1436413739707684,0.2773927688598633,0.037188647631297526,0.1,0.95,50000,1,"(1, 2)","{'ord__alpha': 0.1, 'tfidf__max_df': 0.95, 'tfidf__max_features': 50000, 'tfidf__min_df': 1, 'tfidf__ngram_range': (1, 2)}",0.6394975443898754,0.6779620683911192,0.6672977729231143,0.593622710348102,0.6437061115108806,0.6444172415126183,0.02916699384515725,108,0.999056360984816,0.9962150382592453,0.9962150382592453,0.9971749552073227,0.9971662166165539,0.9971655218654366,0.0010375162858741575
0.8081929206848144,0.05773405145374471,0.076076078414917,0.005599646561880719,0.01,0.95,10000,5,"(1, 1)","{'ord__alpha': 0.01, 'tfidf__max_df': 0.95, 'tfidf__max_features': 10000, 'tfidf__min_df': 5, 'tfidf__ngram_range': (1, 1)}",0.6633652197455103,0.6823098572445832,0.6546248331712172,0.5830438789253563,0.6328558336950754,0.6432399245563485,0.03403673469505169,109,1.0,1.0,1.0,1.0,1.0,1.0,0.0
1.3534936428070068,0.059364961394161274,0.11434345245361328,0.010090564364808943,0.01,0.95,50000,5,"(1, 1)","{'ord__alpha': 0.01, 'tfidf__max_df': 0.95, 'tfidf__max_features': 50000, 'tfidf__min_df': 5, 'tfidf__ngram_range': (1, 1)}",0.6633652197455103,0.6823098572445832,0.6546248331712172,0.5830438789253563,0.6328558336950754,0.6432399245563485,0.03403673469505169,109,1.0,1.0,1.0,1.0,1.0,1.0,0.0
1.1092183589935303,0.05914764083527681,0.08900470733642578,0.006297618879323805,0.01,0.95,20000,5,"(1, 1)","{'ord__alpha': 0.01, 'tfidf__max_df': 0.95, 'tfidf__max_features': 20000, 'tfidf__min_df': 5, 'tfidf__ngram_range': (1, 1)}",0.6633652197455103,0.6823098572445832,0.6546248331712172,0.5830438789253563,0.6328558336950754,0.6432399245563485,0.03403673469505169,109,1.0,1.0,1.0,1.0,1.0,1.0,0.0
1.2523218631744384,0.1774140054598835,0.12538957595825195,0.005751758378073345,0.01,0.9,50000,5,"(1, 1)","{'ord__alpha': 0.01, 'tfidf__max_df': 0.9, 'tfidf__max_features': 50000, 'tfidf__min_df': 5, 'tfidf__ngram_range': (1, 1)}",0.667839095300639,0.6925656352686531,0.6590393151195492,0.5726586209330229,0.6240477611940298,0.6432300855631787,0.04156398621983783,112,1.0,1.0,1.0,1.0,1.0,1.0,0.0
0.8215729713439941,0.08424519095082679,0.07567768096923828,0.0016929257981105343,0.01,0.9,10000,5,"(1, 1)","{'ord__alpha': 0.01, 'tfidf__max_df': 0.9, 'tfidf__max_features': 10000, 'tfidf__min_df': 5, 'tfidf__ngram_range': (1, 1)}",0.667839095300639,0.6925656352686531,0.6590393151195492,0.5726586209330229,0.6240477611940298,0.6432300855631787,0.04156398621983783,112,1.0,1.0,1.0,1.0,1.0,1.0,0.0
0.9125410079956054,0.05915849006403616,0.07915863990783692,0.005287566444965725,0.01,0.9,20000,5,"(1, 1)","{'ord__alpha': 0.01, 'tfidf__max_df': 0.9, 'tfidf__max_features': 20000, 'tfidf__min_df': 5, 'tfidf__ngram_range': (1, 1)}",0.667839095300639,0.6925656352686531,0.6590393151195492,0.5726586209330229,0.6240477611940298,0.6432300855631787,0.04156398621983783,112,1.0,1.0,1.0,1.0,1.0,1.0,0.0
2.1118518352508544,0.1073471841615964,0.19810786247253417,0.013132148875021413,0.1,0.85,20000,5,"(1, 2)","{'ord__alpha': 0.1, 'tfidf__max_df': 0.85, 'tfidf__max_features': 20000, 'tfidf__min_df': 5, 'tfidf__ngram_range': (1, 2)}",0.6275342217934029,0.6837596451789294,0.6683924661594106,0.6020701552616446,0.6328576655689718,0.6429228307924719,0.029405460958428904,115,0.9952582119148202,0.9943049053419933,0.9952614542207247,0.9952827076373881,0.9904919767913747,0.9941198511812603,0.0018518679989770355
2.320023775100708,0.13529889961897965,0.1947659969329834,0.01996172563716058,0.1,0.85,50000,5,"(1, 2)","{'ord__alpha': 0.1, 'tfidf__max_df': 0.85, 'tfidf__max_features': 50000, 'tfidf__min_df': 5, 'tfidf__ngram_range': (1, 2)}",0.6275342217934029,0.6837596451789294,0.6683924661594106,0.6020701552616446,0.6328576655689718,0.6429228307924719,0.029405460958428904,115,0.9952582119148202,0.9943049053419933,0.9952614542207247,0.9952827076373881,0.9904919767913747,0.9941198511812603,0.0018518679989770355
2.767587661743164,0.07433465163723989,0.20826478004455568,0.032197907577903605,0.1,0.85,50000,3,"(1, 2)","{'ord__alpha': 0.1, 'tfidf__max_df': 0.85, 'tfidf__max_features': 50000, 'tfidf__min_df': 3, 'tfidf__ngram_range': (1, 2)}",0.6216379937000243,0.6750580709499313,0.6589494375887299,0.6079637423114277,0.6501948019924052,0.6427608093085037,0.024566067056748388,117,0.9981098032477017,0.9952614542207247,0.9962150382592453,0.9962274620094272,0.996215769355644,0.9964059054185487,0.0009292427456342682
1.8632614135742187,0.12727247517816181,0.20578808784484864,0.0259411242621194,0.1,0.85,10000,3,"(1, 2)","{'ord__alpha': 0.1, 'tfidf__max_df': 0.85, 'tfidf__max_features': 10000, 'tfidf__min_df': 3, 'tfidf__ngram_range': (1, 2)}",0.6270332242577686,0.6824487043637415,0.6581445082538386,0.6221687811342053,0.6239493768717999,0.6427489189762708,0.023820348639078077,118,0.9933488814027813,0.9914381610647045,0.9923920978817536,0.9914723179951647,0.9895248668552012,0.9916352650399212,0.0012671589643015217
0.7830948829650879,0.06144066110846274,0.09943604469299316,0.0039099282583994945,0.1,0.95,50000,5,"(1, 1)","{'ord__alpha': 0.1, 'tfidf__max_df': 0.95, 'tfidf__max_features': 50000, 'tfidf__min_df': 5, 'tfidf__ngram_range': (1, 1)}",0.6618211706687019,0.6869792284866469,0.6602182895082516,0.6018067070907065,0.5975463427773833,0.641674347706338,0.0356062187344138,119,0.9476236663433559,0.9438127483022487,0.9536226064697467,0.9460845493556274,0.9444501826506156,0.9471187506243188,0.0035121377931228094
0.595088529586792,0.026192165528069338,0.07128815650939942,0.0070860611404171,0.1,0.95,10000,5,"(1, 1)","{'ord__alpha': 0.1, 'tfidf__max_df': 0.95, 'tfidf__max_features': 10000, 'tfidf__min_df': 5, 'tfidf__ngram_range': (1, 1)}",0.6618211706687019,0.6869792284866469,0.6602182895082516,0.6018067070907065,0.5975463427773833,0.641674347706338,0.0356062187344138,119,0.9476236663433559,0.9438127483022487,0.9536226064697467,0.9460845493556274,0.9444501826506156,0.9471187506243188,0.0035121377931228094
0.6419607639312744,0.0714232173485424,0.08844957351684571,0.006412377370019284,0.1,0.95,20000,5,"(1, 1)","{'ord__alpha': 0.1, 'tfidf__max_df': 0.95, 'tfidf__max_features': 20000, 'tfidf__min_df': 5, 'tfidf__ngram_range': (1, 1)}",0.6618211706687019,0.6869792284866469,0.6602182895082516,0.6018067070907065,0.5975463427773833,0.641674347706338,0.0356062187344138,119,0.9476236663433559,0.9438127483022487,0.9536226064697467,0.9460845493556274,0.9444501826506156,0.9471187506243188,0.0035121377931228094
0.6024208068847656,0.014981549991193359,0.06942334175109863,0.003967271850063861,0.1,0.9,10000,5,"(1, 1)","{'ord__alpha': 0.1, 'tfidf__max_df': 0.9, 'tfidf__max_features': 10000, 'tfidf__min_df': 5, 'tfidf__ngram_range': (1, 1)}",0.6690779679940454,0.6869792284866469,0.6576060143310232,0.5944878975548372,0.5966178239206734,0.6409537864574453,0.038239675730351474,122,0.9476236663433559,0.9466343144928124,0.9536472935838624,0.94506400131748,0.9435354926378413,0.9473009536750704,0.0034643104415320084
0.6999152660369873,0.035707936350153624,0.09556422233581544,0.007447473147451746,0.1,0.9,50000,5,"(1, 1)","{'ord__alpha': 0.1, 'tfidf__max_df': 0.9, 'tfidf__max_features': 50000, 'tfidf__min_df': 5, 'tfidf__ngram_range': (1, 1)}",0.6690779679940454,0.6869792284866469,0.6576060143310232,0.5944878975548372,0.5966178239206734,0.6409537864574453,0.038239675730351474,122,0.9476236663433559,0.9466343144928124,0.9536472935838624,0.94506400131748,0.9435354926378413,0.9473009536750704,0.0034643104415320084
0.6469701766967774,0.06198217182499763,0.07994589805603028,0.007812106443144145,0.1,0.9,20000,5,"(1, 1)","{'ord__alpha': 0.1, 'tfidf__max_df': 0.9, 'tfidf__max_features': 20000, 'tfidf__min_df': 5, 'tfidf__ngram_range': (1, 1)}",0.6690779679940454,0.6869792284866469,0.6576060143310232,0.5944878975548372,0.5966178239206734,0.6409537864574453,0.038239675730351474,122,0.9476236663433559,0.9466343144928124,0.9536472935838624,0.94506400131748,0.9435354926378413,0.9473009536750704,0.0034643104415320084
1.5688145160675049,0.17156504692954766,0.10767717361450195,0.016852630825769876,0.001,0.95,50000,5,"(1, 1)","{'ord__alpha': 0.001, 'tfidf__max_df': 0.95, 'tfidf__max_features': 50000, 'tfidf__min_df': 5, 'tfidf__ngram_range': (1, 1)}",0.6668064676342366,0.698741689103797,0.6393858463051325,0.5739016208862096,0.6258981096100635,0.6409467467078878,0.04179216988372128,125,1.0,1.0,1.0,1.0,1.0,1.0,0.0
1.371762228012085,0.07023883990846302,0.07837166786193847,0.004841812543090314,0.001,0.95,20000,5,"(1, 1)","{'ord__alpha': 0.001, 'tfidf__max_df': 0.95, 'tfidf__max_features': 20000, 'tfidf__min_df': 5, 'tfidf__ngram_range': (1, 1)}",0.6668064676342366,0.698741689103797,0.6393858463051325,0.5739016208862096,0.6258981096100635,0.6409467467078878,0.04179216988372128,125,1.0,1.0,1.0,1.0,1.0,1.0,0.0
1.0844389915466308,0.07384276145450284,0.08419995307922364,0.006788056458619506,0.001,0.95,10000,5,"(1, 1)","{'ord__alpha': 0.001, 'tfidf__max_df': 0.95, 'tfidf__max_features': 10000, 'tfidf__min_df': 5, 'tfidf__ngram_range': (1, 1)}",0.6668064676342366,0.698741689103797,0.6393858463051325,0.5739016208862096,0.6258981096100635,0.6409467467078878,0.04179216988372128,125,1.0,1.0,1.0,1.0,1.0,1.0,0.0
1.3533234119415283,0.10180637081774556,0.08694996833801269,0.004582221776270788,0.001,0.9,20000,5,"(1, 1)","{'ord__alpha': 0.001, 'tfidf__max_df': 0.9, 'tfidf__max_features': 20000, 'tfidf__min_df': 5, 'tfidf__ngram_range': (1, 1)}",0.6670122765025756,0.7029696450911964,0.6488674398692301,0.5612155403323299,0.6213207898658719,0.6402771383322408,0.04760040067621891,128,1.0,1.0,1.0,1.0,1.0,1.0,0.0
1.7081318855285645,0.16906610963289895,0.12129998207092285,0.012226032589388595,0.001,0.9,50000,5,"(1, 1)","{'ord__alpha': 0.001, 'tfidf__max_df': 0.9, 'tfidf__max_features': 50000, 'tfidf__min_df': 5, 'tfidf__ngram_range': (1, 1)}",0.6670122765025756,0.7029696450911964,0.6488674398692301,0.5612155403323299,0.6213207898658719,0.6402771383322408,0.04760040067621891,128,1.0,1.0,1.0,1.0,1.0,1.0,0.0
1.1850234508514403,0.077557213094788,0.0770371437072754,0.009446326652401686,0.001,0.9,10000,5,"(1, 1)","{'ord__alpha': 0.001, 'tfidf__max_df': 0.9, 'tfidf__max_features': 10000, 'tfidf__min_df': 5, 'tfidf__ngram_range': (1, 1)}",0.6670122765025756,0.7029696450911964,0.6488674398692301,0.5612155403323299,0.6213207898658719,0.6402771383322408,0.04760040067621891,128,1.0,1.0,1.0,1.0,1.0,1.0,0.0
1.071828508377075,0.06658820034567578,0.08185648918151855,0.005263211266191836,0.001,0.95,20000,3,"(1, 1)","{'ord__alpha': 0.001, 'tfidf__max_df': 0.95, 'tfidf__max_features': 20000, 'tfidf__min_df': 3, 'tfidf__ngram_range': (1, 1)}",0.6491096944383381,0.7121510832444545,0.6275491949910554,0.5854729967816956,0.6256491633006347,0.6399864265512356,0.04152812917584206,131,1.0,1.0,1.0,1.0,1.0,1.0,0.0
1.16387996673584,0.09847968582917407,0.08909406661987304,0.01495348983343901,0.001,0.95,50000,3,"(1, 1)","{'ord__alpha': 0.001, 'tfidf__max_df': 0.95, 'tfidf__max_features': 50000, 'tfidf__min_df': 3, 'tfidf__ngram_range': (1, 1)}",0.6491096944383381,0.7121510832444545,0.6275491949910554,0.5854729967816956,0.6256491633006347,0.6399864265512356,0.04152812917584206,131,1.0,1.0,1.0,1.0,1.0,1.0,0.0
1.0951069355010987,0.0662907943834926,0.08113799095153809,0.004109604959079643,0.001,0.95,10000,3,"(1, 1)","{'ord__alpha': 0.001, 'tfidf__max_df': 0.95, 'tfidf__max_features': 10000, 'tfidf__min_df': 3, 'tfidf__ngram_range': (1, 1)}",0.6491096944383381,0.7121510832444545,0.6275491949910554,0.5854729967816956,0.6256491633006347,0.6399864265512356,0.04152812917584206,131,1.0,1.0,1.0,1.0,1.0,1.0,0.0
0.8272916793823242,0.019504570274010077,0.07873210906982422,0.004875111284607496,0.01,0.9,50000,3,"(1, 1)","{'ord__alpha': 0.01, 'tfidf__max_df': 0.9, 'tfidf__max_features': 50000, 'tfidf__min_df': 3, 'tfidf__ngram_range': (1, 1)}",0.6533543488878035,0.6930154376962888,0.6399113857634233,0.5726264281811919,0.6375785595607888,0.6392972320178992,0.038811274805320664,134,1.0,1.0,1.0,1.0,1.0,1.0,0.0
0.840510368347168,0.03799638173774376,0.07752656936645508,0.003329790138512602,0.01,0.9,20000,3,"(1, 1)","{'ord__alpha': 0.01, 'tfidf__max_df': 0.9, 'tfidf__max_features': 20000, 'tfidf__min_df': 3, 'tfidf__ngram_range': (1, 1)}",0.6533543488878035,0.6930154376962888,0.6399113857634233,0.5726264281811919,0.6375785595607888,0.6392972320178992,0.038811274805320664,134,1.0,1.0,1.0,1.0,1.0,1.0,0.0
0.7909462451934814,0.05882268586779375,0.08454790115356445,0.003831705623105974,0.01,0.9,10000,3,"(1, 1)","{'ord__alpha': 0.01, 'tfidf__max_df': 0.9, 'tfidf__max_features': 10000, 'tfidf__min_df': 3, 'tfidf__ngram_range': (1, 1)}",0.6533543488878035,0.6930154376962888,0.6399113857634233,0.5726264281811919,0.6375785595607888,0.6392972320178992,0.038811274805320664,134,1.0,1.0,1.0,1.0,1.0,1.0,0.0
0.7595654964447022,0.12114943053259886,0.11078357696533203,0.009764474314598462,0.1,0.85,50000,5,"(1, 1)","{'ord__alpha': 0.1, 'tfidf__max_df': 0.85, 'tfidf__max_features': 50000, 'tfidf__min_df': 5, 'tfidf__ngram_range': (1, 1)}",0.6549419545811942,0.6997878568804294,0.6345444971037388,0.5845931443412637,0.6184384649316277,0.6384611835676507,0.03834212309547461,137,0.9515631880228974,0.9476230065754667,0.9614945450605502,0.9469543516067369,0.9485489834870451,0.9512368149505394,0.005365651640408465
0.5260885715484619,0.049133894607816045,0.08031001091003417,0.009248347188049939,0.1,0.85,10000,5,"(1, 1)","{'ord__alpha': 0.1, 'tfidf__max_df': 0.85, 'tfidf__max_features': 10000, 'tfidf__min_df': 5, 'tfidf__ngram_range': (1, 1)}",0.6549419545811942,0.6997878568804294,0.6345444971037388,0.5845931443412637,0.6184384649316277,0.6384611835676507,0.03834212309547461,137,0.9515631880228974,0.9476230065754667,0.9614945450605502,0.9469543516067369,0.9485489834870451,0.9512368149505394,0.005365651640408465
0.6681244373321533,0.04531882732148249,0.08685774803161621,0.013805414591230273,0.1,0.85,20000,5,"(1, 1)","{'ord__alpha': 0.1, 'tfidf__max_df': 0.85, 'tfidf__max_features': 20000, 'tfidf__min_df': 5, 'tfidf__ngram_range': (1, 1)}",0.6549419545811942,0.6997878568804294,0.6345444971037388,0.5845931443412637,0.6184384649316277,0.6384611835676507,0.03834212309547461,137,0.9515631880228974,0.9476230065754667,0.9614945450605502,0.9469543516067369,0.9485489834870451,0.9512368149505394,0.005365651640408465
3.1974769592285157,0.1922990160834581,0.29891157150268555,0.013324833353607629,0.1,0.9,50000,1,"(1, 2)","{'ord__alpha': 0.1, 'tfidf__max_df': 0.9, 'tfidf__max_features': 50000, 'tfidf__min_df': 1, 'tfidf__ngram_range': (1, 2)}",0.6359381815181129,0.6697046855293529,0.6492962259964996,0.593622710348102,0.6410965670535935,0.6379316740891322,0.024963782261295187,140,0.999056360984816,0.9962150382592453,0.9962150382592453,0.9971749552073227,0.9971662166165539,0.9971655218654366,0.0010375162858741575
0.8543543815612793,0.07615581655433003,0.07906770706176758,0.0061436894486460525,0.1,0.95,50000,1,"(1, 1)","{'ord__alpha': 0.1, 'tfidf__max_df': 0.95, 'tfidf__max_features': 50000, 'tfidf__min_df': 1, 'tfidf__ngram_range': (1, 1)}",0.6380866750584426,0.6818674318644552,0.6581445082538386,0.5827262760384944,0.6243028478357435,0.6370255478101948,0.033371272245360344,141,0.9710450118452224,0.9721274893104754,0.9730461815423852,0.9731221641793111,0.9689680101463644,0.9716617714047517,0.0015429176079323672
0.8004283905029297,0.04776958499964205,0.07899909019470215,0.0038896767631808452,0.1,0.95,20000,1,"(1, 1)","{'ord__alpha': 0.1, 'tfidf__max_df': 0.95, 'tfidf__max_features': 20000, 'tfidf__min_df': 1, 'tfidf__ngram_range': (1, 1)}",0.6380866750584426,0.6818674318644552,0.6581445082538386,0.5827262760384944,0.6243028478357435,0.6370255478101948,0.033371272245360344,141,0.9710450118452224,0.9721274893104754,0.9730461815423852,0.9731221641793111,0.9689680101463644,0.9716617714047517,0.0015429176079323672
0.7619900226593017,0.0465644226005867,0.0854576587677002,0.014963299976336625,0.01,0.85,10000,3,"(1, 1)","{'ord__alpha': 0.01, 'tfidf__max_df': 0.85, 'tfidf__max_features': 10000, 'tfidf__min_df': 3, 'tfidf__ngram_range': (1, 1)}",0.65768092488112,0.7131946969947434,0.6261126206315,0.557219707562149,0.6303685031808907,0.6369152906500806,0.050518716267803125,143,1.0,1.0,1.0,1.0,1.0,1.0,0.0
0.8097075462341309,0.040606824677634025,0.07700996398925782,0.010850063695211576,0.01,0.85,50000,3,"(1, 1)","{'ord__alpha': 0.01, 'tfidf__max_df': 0.85, 'tfidf__max_features': 50000, 'tfidf__min_df': 3, 'tfidf__ngram_range': (1, 1)}",0.65768092488112,0.7131946969947434,0.6261126206315,0.557219707562149,0.6303685031808907,0.6369152906500806,0.050518716267803125,143,1.0,1.0,1.0,1.0,1.0,1.0,0.0
0.9118438720703125,0.04079938798549051,0.08715977668762206,0.009497707446489539,0.01,0.85,20000,3,"(1, 1)","{'ord__alpha': 0.01, 'tfidf__max_df': 0.85, 'tfidf__max_features': 20000, 'tfidf__min_df': 3, 'tfidf__ngram_range': (1, 1)}",0.65768092488112,0.7131946969947434,0.6261126206315,0.557219707562149,0.6303685031808907,0.6369152906500806,0.050518716267803125,143,1.0,1.0,1.0,1.0,1.0,1.0,0.0
0.9281699657440186,0.08708298655648183,0.08209295272827148,0.0028632844506375297,0.01,0.85,10000,5,"(1, 1)","{'ord__alpha': 0.01, 'tfidf__max_df': 0.85, 'tfidf__max_features': 10000, 'tfidf__min_df': 5, 'tfidf__ngram_range': (1, 1)}",0.6644436293307546,0.7083646658114744,0.6355247851277939,0.5535590547418221,0.6220621774096747,0.6367908624843039,0.0510559610093912,146,1.0,1.0,1.0,1.0,1.0,1.0,0.0
1.1689385414123534,0.1483523939348823,0.10255985260009766,0.008510061222362152,0.01,0.85,50000,5,"(1, 1)","{'ord__alpha': 0.01, 'tfidf__max_df': 0.85, 'tfidf__max_features': 50000, 'tfidf__min_df': 5, 'tfidf__ngram_range': (1, 1)}",0.6644436293307546,0.7083646658114744,0.6355247851277939,0.5535590547418221,0.6220621774096747,0.6367908624843039,0.0510559610093912,146,1.0,1.0,1.0,1.0,1.0,1.0,0.0
0.9076636791229248,0.07949240349392016,0.08005328178405761,0.0038665899649438125,0.01,0.85,20000,5,"(1, 1)","{'ord__alpha': 0.01, 'tfidf__max_df': 0.85, 'tfidf__max_features': 20000, 'tfidf__min_df': 5, 'tfidf__ngram_range': (1, 1)}",0.6644436293307546,0.7083646658114744,0.6355247851277939,0.5535590547418221,0.6220621774096747,0.6367908624843039,0.0510559610093912,146,1.0,1.0,1.0,1.0,1.0,1.0,0.0
1.103813886642456,0.06383673971494934,0.08524560928344727,0.004683004694264955,0.001,0.9,50000,3,"(1, 1)","{'ord__alpha': 0.001, 'tfidf__max_df': 0.9, 'tfidf__max_features': 50000, 'tfidf__min_df': 3, 'tfidf__ngram_range': (1, 1)}",0.6379478755050394,0.7161600628210582,0.6232878294412492,0.5666926584910565,0.6397644862497307,0.6367705825016268,0.04776136331298878,149,1.0,1.0,1.0,1.0,1.0,1.0,0.0
1.114686870574951,0.045073268960535165,0.08474965095520019,0.010046561991450638,0.001,0.9,10000,3,"(1, 1)","{'ord__alpha': 0.001, 'tfidf__max_df': 0.9, 'tfidf__max_features': 10000, 'tfidf__min_df': 3, 'tfidf__ngram_range': (1, 1)}",0.6379478755050394,0.7161600628210582,0.6232878294412492,0.5666926584910565,0.6397644862497307,0.6367705825016268,0.04776136331298878,149,1.0,1.0,1.0,1.0,1.0,1.0,0.0
1.1518820762634276,0.08765921261592305,0.08506250381469727,0.013429621578585297,0.001,0.9,20000,3,"(1, 1)","{'ord__alpha': 0.001, 'tfidf__max_df': 0.9, 'tfidf__max_features': 20000, 'tfidf__min_df': 3, 'tfidf__ngram_range': (1, 1)}",0.6379478755050394,0.7161600628210582,0.6232878294412492,0.5666926584910565,0.6397644862497307,0.6367705825016268,0.04776136331298878,149,1.0,1.0,1.0,1.0,1.0,1.0,0.0
0.5645452022552491,0.021653858808796073,0.07048749923706055,0.0036188390492385833,0.1,0.9,20000,3,"(1, 1)","{'ord__alpha': 0.1, 'tfidf__max_df': 0.9, 'tfidf__max_features': 20000, 'tfidf__min_df': 3, 'tfidf__ngram_range': (1, 1)}",0.6602401212262501,0.6979694523602284,0.6421074345066918,0.5831827490663775,0.6002458210422812,0.636749115640366,0.04130451475821035,152,0.9584614033547028,0.9583807617693518,0.9624241413109216,0.9595773854297063,0.953534208638215,0.9584755801005794,0.0028716355632371136
0.5438614845275879,0.03041059775613348,0.07211594581604004,0.006566808003787921,0.1,0.9,50000,3,"(1, 1)","{'ord__alpha': 0.1, 'tfidf__max_df': 0.9, 'tfidf__max_features': 50000, 'tfidf__min_df': 3, 'tfidf__ngram_range': (1, 1)}",0.6602401212262501,0.6979694523602284,0.6421074345066918,0.5831827490663775,0.6002458210422812,0.636749115640366,0.04130451475821035,152,0.9584614033547028,0.9583807617693518,0.9624241413109216,0.9595773854297063,0.953534208638215,0.9584755801005794,0.0028716355632371136
0.5134769439697265,0.026232696519342368,0.07148032188415528,0.0030224168184566627,0.1,0.9,10000,3,"(1, 1)","{'ord__alpha': 0.1, 'tfidf__max_df': 0.9, 'tfidf__max_features': 10000, 'tfidf__min_df': 3, 'tfidf__ngram_range': (1, 1)}",0.6602401212262501,0.6979694523602284,0.6421074345066918,0.5831827490663775,0.6002458210422812,0.636749115640366,0.04130451475821035,152,0.9584614033547028,0.9583807617693518,0.9624241413109216,0.9595773854297063,0.953534208638215,0.9584755801005794,0.0028716355632371136
1.2503154277801514,0.16870773801694744,0.07892799377441406,0.0048047959106495,0.01,0.95,10000,1,"(1, 1)","{'ord__alpha': 0.01, 'tfidf__max_df': 0.95, 'tfidf__max_features': 10000, 'tfidf__min_df': 1, 'tfidf__ngram_range': (1, 1)}",0.6464875144325462,0.6857508890508692,0.6388580079002768,0.589900150851232,0.6210572429906542,0.6364107610451157,0.03143547545331993,155,1.0,1.0,1.0,1.0,1.0,1.0,0.0
0.5610476016998291,0.02978529253706729,0.07688412666320801,0.0037808059113829625,0.1,0.85,20000,3,"(1, 1)","{'ord__alpha': 0.1, 'tfidf__max_df': 0.85, 'tfidf__max_features': 20000, 'tfidf__min_df': 3, 'tfidf__ngram_range': (1, 1)}",0.6592471358428805,0.6866063783618941,0.6508165516906923,0.5748236624149032,0.6041583764424989,0.6351304209505739,0.040183622266527455,156,0.9605734767025089,0.9603932102646168,0.9662959756658472,0.9568185701941244,0.9544862678236925,0.9597135001301581,0.004005873853983067
0.5866748809814453,0.05193861483540649,0.08315720558166503,0.008140403273157494,0.1,0.85,10000,3,"(1, 1)","{'ord__alpha': 0.1, 'tfidf__max_df': 0.85, 'tfidf__max_features': 10000, 'tfidf__min_df': 3, 'tfidf__ngram_range': (1, 1)}",0.6592471358428805,0.6866063783618941,0.6508165516906923,0.5748236624149032,0.6041583764424989,0.6351304209505739,0.040183622266527455,156,0.9605734767025089,0.9603932102646168,0.9662959756658472,0.9568185701941244,0.9544862678236925,0.9597135001301581,0.004005873853983067
0.5458335399627685,0.02965845914032475,0.07151951789855956,0.004549322380083536,0.1,0.85,50000,3,"(1, 1)","{'ord__alpha': 0.1, 'tfidf__max_df': 0.85, 'tfidf__max_features': 50000, 'tfidf__min_df': 3, 'tfidf__ngram_range': (1, 1)}",0.6592471358428805,0.6866063783618941,0.6508165516906923,0.5748236624149032,0.6041583764424989,0.6351304209505739,0.040183622266527455,156,0.9605734767025089,0.9603932102646168,0.9662959756658472,0.9568185701941244,0.9544862678236925,0.9597135001301581,0.004005873853983067
0.46065454483032225,0.053088361075948894,0.07111606597900391,0.0021379796949290526,0.0,0.95,20000,3,"(1, 1)","{'ord__alpha': 0.0, 'tfidf__max_df': 0.95, 'tfidf__max_features': 20000, 'tfidf__min_df': 3, 'tfidf__ngram_range': (1, 1)}",0.6448076605580321,0.6698310275058785,0.6405800437334561,0.586076331622105,0.6280265494998598,0.6338643225838663,0.027481750651167373,159,1.0,1.0,1.0,1.0,1.0,1.0,0.0
0.41844887733459474,0.03526647279307738,0.07391834259033203,0.0053255298439418295,0.0,0.95,10000,3,"(1, 1)","{'ord__alpha': 0.0, 'tfidf__max_df': 0.95, 'tfidf__max_features': 10000, 'tfidf__min_df': 3, 'tfidf__ngram_range': (1, 1)}",0.6448076605580321,0.6698310275058785,0.6405800437334561,0.586076331622105,0.6280265494998598,0.6338643225838663,0.027481750651167373,159,1.0,1.0,1.0,1.0,1.0,1.0,0.0
0.4253386497497559,0.021214447522296117,0.071624755859375,0.0032320239579065207,0.0,0.95,50000,3,"(1, 1)","{'ord__alpha': 0.0, 'tfidf__max_df': 0.95, 'tfidf__max_features': 50000, 'tfidf__min_df': 3, 'tfidf__ngram_range': (1, 1)}",0.6448076605580321,0.6698310275058785,0.6405800437334561,0.586076331622105,0.6280265494998598,0.6338643225838663,0.027481750651167373,159,1.0,1.0,1.0,1.0,1.0,1.0,0.0
1.3255694389343262,0.09577324775124176,0.08022208213806152,0.007949442018603215,0.001,0.85,10000,1,"(1, 1)","{'ord__alpha': 0.001, 'tfidf__max_df': 0.85, 'tfidf__max_features': 10000, 'tfidf__min_df': 1, 'tfidf__ngram_range': (1, 1)}",0.6461930621744431,0.708744726437391,0.6184209003252654,0.5698861080197949,0.6190521780756344,0.6324593950065058,0.04538791567910476,162,1.0,1.0,1.0,1.0,1.0,1.0,0.0
1.8635735034942627,0.10428935969671269,0.09044127464294434,0.00970486979574658,0.001,0.85,20000,1,"(1, 1)","{'ord__alpha': 0.001, 'tfidf__max_df': 0.85, 'tfidf__max_features': 20000, 'tfidf__min_df': 1, 'tfidf__ngram_range': (1, 1)}",0.6469521366009023,0.701366923360642,0.6238005167004983,0.5682783443311337,0.6210572429906542,0.6322910327967661,0.04308674460558656,163,1.0,1.0,1.0,1.0,1.0,1.0,0.0
1.906352424621582,0.14060993577433478,0.08545041084289551,0.00864786989200786,0.001,0.85,50000,1,"(1, 1)","{'ord__alpha': 0.001, 'tfidf__max_df': 0.85, 'tfidf__max_features': 50000, 'tfidf__min_df': 1, 'tfidf__ngram_range': (1, 1)}",0.6469521366009023,0.701366923360642,0.6238005167004983,0.5682783443311337,0.6210572429906542,0.6322910327967661,0.04308674460558656,163,1.0,1.0,1.0,1.0,1.0,1.0,0.0
1.2649417400360108,0.0953766511273512,0.09788146018981933,0.011786527313440568,0.001,0.85,10000,5,"(1, 1)","{'ord__alpha': 0.001, 'tfidf__max_df': 0.85, 'tfidf__max_features': 10000, 'tfidf__min_df': 5, 'tfidf__ngram_range': (1, 1)}",0.6703852611116021,0.7097768191222433,0.611691770551241,0.558620854097618,0.6107387319106605,0.6322426873586731,0.05248110542868359,165,1.0,1.0,1.0,1.0,1.0,1.0,0.0
1.2678637504577637,0.075687771106909,0.08439555168151855,0.007895685291294821,0.001,0.85,20000,5,"(1, 1)","{'ord__alpha': 0.001, 'tfidf__max_df': 0.85, 'tfidf__max_features': 20000, 'tfidf__min_df': 5, 'tfidf__ngram_range': (1, 1)}",0.6703852611116021,0.7097768191222433,0.611691770551241,0.558620854097618,0.6107387319106605,0.6322426873586731,0.05248110542868359,165,1.0,1.0,1.0,1.0,1.0,1.0,0.0
1.6444397926330567,0.09921369027160551,0.10669960975646972,0.011239344309827285,0.001,0.85,50000,5,"(1, 1)","{'ord__alpha': 0.001, 'tfidf__max_df': 0.85, 'tfidf__max_features': 50000, 'tfidf__min_df': 5, 'tfidf__ngram_range': (1, 1)}",0.6703852611116021,0.7097768191222433,0.611691770551241,0.558620854097618,0.6107387319106605,0.6322426873586731,0.05248110542868359,165,1.0,1.0,1.0,1.0,1.0,1.0,0.0
3.2873106002807617,0.12148821775777054,0.26998329162597656,0.027536948210251655,0.1,0.85,50000,1,"(1, 2)","{'ord__alpha': 0.1, 'tfidf__max_df': 0.85, 'tfidf__max_features': 50000, 'tfidf__min_df': 1, 'tfidf__ngram_range': (1, 2)}",0.6405584198507428,0.656800009533002,0.6399169837426496,0.5763336615415688,0.6459201538727097,0.6319058457081346,0.02843741637636971,168,0.999056360984816,0.9962150382592453,0.9962150382592453,0.9962274620094272,0.996215769355644,0.9967859337736756,0.00113522343817699
1.544347333908081,0.21527216487127776,0.07729382514953613,0.007597485846379753,0.001,0.95,10000,1,"(1, 1)","{'ord__alpha': 0.001, 'tfidf__max_df': 0.95, 'tfidf__max_features': 10000, 'tfidf__min_df': 1, 'tfidf__ngram_range': (1, 1)}",0.6474851002347841,0.7005778073902549,0.6290339634167832,0.5733304599765343,0.6084087844345983,0.6317672230905911,0.042308133548337276,169,1.0,1.0,1.0,1.0,1.0,1.0,0.0
1.80899338722229,0.14993315689427675,0.09249072074890137,0.010166245296500943,0.001,0.95,50000,1,"(1, 1)","{'ord__alpha': 0.001, 'tfidf__max_df': 0.95, 'tfidf__max_features': 50000, 'tfidf__min_df': 1, 'tfidf__ngram_range': (1, 1)}",0.6533623938609636,0.6846293669090264,0.6349859552185322,0.5755826538711307,0.6095933163681759,0.6316307372455657,0.03720057177510898,170,1.0,1.0,1.0,1.0,1.0,1.0,0.0
1.6738823890686034,0.05558298046950207,0.09363517761230469,0.009390882709301114,0.001,0.95,20000,1,"(1, 1)","{'ord__alpha': 0.001, 'tfidf__max_df': 0.95, 'tfidf__max_features': 20000, 'tfidf__min_df': 1, 'tfidf__ngram_range': (1, 1)}",0.6533623938609636,0.6846293669090264,0.6349859552185322,0.5755826538711307,0.6095933163681759,0.6316307372455657,0.03720057177510898,170,1.0,1.0,1.0,1.0,1.0,1.0,0.0
1.2555965423583983,0.09161279728483845,0.08975224494934082,0.011241862188251977,0.01,0.85,20000,1,"(1, 1)","{'ord__alpha': 0.01, 'tfidf__max_df': 0.85, 'tfidf__max_features': 20000, 'tfidf__min_df': 1, 'tfidf__ngram_range': (1, 1)}",0.6604928439782475,0.6833977268887212,0.6307229612492771,0.575317080214676,0.6066162986870095,0.6313093822035862,0.038236370743835395,172,1.0,1.0,1.0,1.0,1.0,1.0,0.0
1.3946851730346679,0.1226503164199322,0.08880743980407715,0.011674744146647008,0.01,0.85,50000,1,"(1, 1)","{'ord__alpha': 0.01, 'tfidf__max_df': 0.85, 'tfidf__max_features': 50000, 'tfidf__min_df': 1, 'tfidf__ngram_range': (1, 1)}",0.6604928439782475,0.6833977268887212,0.6307229612492771,0.575317080214676,0.6066162986870095,0.6313093822035862,0.038236370743835395,172,1.0,1.0,1.0,1.0,1.0,1.0,0.0
1.2575082302093505,0.11414680628778955,0.08116035461425782,0.006998453696271292,0.01,0.95,20000,1,"(1, 1)","{'ord__alpha': 0.01, 'tfidf__max_df': 0.95, 'tfidf__max_features': 20000, 'tfidf__min_df': 1, 'tfidf__ngram_range': (1, 1)}",0.6479245756238814,0.6650353575036481,0.6336570945945945,0.5826598798639423,0.6222157519289562,0.6302985319030044,0.027797039099950384,174,1.0,1.0,1.0,1.0,1.0,1.0,0.0
1.5190823078155518,0.17389667398662526,0.08681631088256836,0.009656923002751566,0.01,0.95,50000,1,"(1, 1)","{'ord__alpha': 0.01, 'tfidf__max_df': 0.95, 'tfidf__max_features': 50000, 'tfidf__min_df': 1, 'tfidf__ngram_range': (1, 1)}",0.6479245756238814,0.6650353575036481,0.6336570945945945,0.5826598798639423,0.6222157519289562,0.6302985319030044,0.027797039099950384,174,1.0,1.0,1.0,1.0,1.0,1.0,0.0
0.7352330207824707,0.058862155900515335,0.08045134544372559,0.004168723673549448,0.1,0.95,10000,1,"(1, 1)","{'ord__alpha': 0.1, 'tfidf__max_df': 0.95, 'tfidf__max_features': 10000, 'tfidf__min_df': 1, 'tfidf__ngram_range': (1, 1)}",0.6380866750584426,0.662827941123547,0.6395632533758485,0.5863162774809068,0.6243028478357435,0.6302193989748976,0.025199239367089964,176,0.9661002025182707,0.9672072282717616,0.9740497314269944,0.9692984943921885,0.9650644389404307,0.9683440191099292,0.00317958577504884
1.7051457405090331,0.31998867544316295,0.0768430233001709,0.0031927773328690396,0.001,0.9,10000,1,"(1, 1)","{'ord__alpha': 0.001, 'tfidf__max_df': 0.9, 'tfidf__max_features': 10000, 'tfidf__min_df': 1, 'tfidf__ngram_range': (1, 1)}",0.6450706441714343,0.681184783322031,0.6269253242958981,0.5733304599765343,0.6242216537143409,0.6301465730960476,0.0349318726210216,177,1.0,1.0,1.0,1.0,1.0,1.0,0.0
1.256066370010376,0.1849271628004738,0.07502408027648926,0.0058929271694815625,0.01,0.85,10000,1,"(1, 1)","{'ord__alpha': 0.01, 'tfidf__max_df': 0.85, 'tfidf__max_features': 10000, 'tfidf__min_df': 1, 'tfidf__ngram_range': (1, 1)}",0.6555365039256384,0.6905667618606857,0.6145446810522086,0.5720598477388986,0.613161501286336,0.6291738591727534,0.04048826076395126,178,1.0,1.0,1.0,1.0,1.0,1.0,0.0
0.5474039077758789,0.07976277755917763,0.07922959327697754,0.003743137198489706,0.0,0.95,10000,1,"(1, 1)","{'ord__alpha': 0.0, 'tfidf__max_df': 0.95, 'tfidf__max_features': 10000, 'tfidf__min_df': 1, 'tfidf__ngram_range': (1, 1)}",0.643222786139307,0.6712387760814797,0.6363276428255351,0.5824683084565456,0.6066430697827054,0.6279801166571146,0.030659178189492133,179,1.0,1.0,1.0,1.0,1.0,1.0,0.0
1.1718560218811036,0.034799695352415366,0.07864694595336914,0.0029719207427481844,0.001,0.85,50000,3,"(1, 1)","{'ord__alpha': 0.001, 'tfidf__max_df': 0.85, 'tfidf__max_features': 50000, 'tfidf__min_df': 3, 'tfidf__ngram_range': (1, 1)}",0.6477157360406092,0.7221899299196104,0.6021189744530568,0.548239113557767,0.6184860252169327,0.6277499558375952,0.05724034021746111,180,1.0,1.0,1.0,1.0,1.0,1.0,0.0
1.2104485034942627,0.0455386648296534,0.08525876998901367,0.006047656678763598,0.001,0.85,20000,3,"(1, 1)","{'ord__alpha': 0.001, 'tfidf__max_df': 0.85, 'tfidf__max_features': 20000, 'tfidf__min_df': 3, 'tfidf__ngram_range': (1, 1)}",0.6477157360406092,0.7221899299196104,0.6021189744530568,0.548239113557767,0.6184860252169327,0.6277499558375952,0.05724034021746111,180,1.0,1.0,1.0,1.0,1.0,1.0,0.0
1.1127487182617188,0.12706252571595394,0.08899888992309571,0.016049943570028133,0.001,0.85,10000,3,"(1, 1)","{'ord__alpha': 0.001, 'tfidf__max_df': 0.85, 'tfidf__max_features': 10000, 'tfidf__min_df': 3, 'tfidf__ngram_range': (1, 1)}",0.6477157360406092,0.7221899299196104,0.6021189744530568,0.548239113557767,0.6184860252169327,0.6277499558375952,0.05724034021746111,180,1.0,1.0,1.0,1.0,1.0,1.0,0.0
0.4289981842041016,0.03790133467894707,0.07092318534851075,0.0044566559398406935,0.0,0.95,10000,5,"(1, 1)","{'ord__alpha': 0.0, 'tfidf__max_df': 0.95, 'tfidf__max_features': 10000, 'tfidf__min_df': 5, 'tfidf__ngram_range': (1, 1)}",0.6271303002299542,0.6553519389659576,0.6543589975777058,0.576111520803102,0.6218843005952381,0.6269674116343916,0.028872708757930396,183,1.0,1.0,1.0,1.0,1.0,1.0,0.0
0.448518180847168,0.02259767679896321,0.07372708320617676,0.010496181594402824,0.0,0.95,20000,5,"(1, 1)","{'ord__alpha': 0.0, 'tfidf__max_df': 0.95, 'tfidf__max_features': 20000, 'tfidf__min_df': 5, 'tfidf__ngram_range': (1, 1)}",0.6271303002299542,0.6553519389659576,0.6543589975777058,0.576111520803102,0.6218843005952381,0.6269674116343916,0.028872708757930396,183,1.0,1.0,1.0,1.0,1.0,1.0,0.0
0.5126347541809082,0.03658585363725066,0.08415555953979492,0.00736586211775953,0.0,0.95,50000,5,"(1, 1)","{'ord__alpha': 0.0, 'tfidf__max_df': 0.95, 'tfidf__max_features': 50000, 'tfidf__min_df': 5, 'tfidf__ngram_range': (1, 1)}",0.6271303002299542,0.6553519389659576,0.6543589975777058,0.576111520803102,0.6218843005952381,0.6269674116343916,0.028872708757930396,183,1.0,1.0,1.0,1.0,1.0,1.0,0.0
0.9185835838317871,0.1388512122804574,0.08604698181152344,0.011715589089217706,0.1,0.85,10000,1,"(1, 1)","{'ord__alpha': 0.1, 'tfidf__max_df': 0.85, 'tfidf__max_features': 10000, 'tfidf__min_df': 1, 'tfidf__ngram_range': (1, 1)}",0.6495574169785541,0.6847278433963823,0.6449695493300853,0.5683991683991685,0.5844185399651047,0.626414503613859,0.04338149338137045,186,0.9720787746170678,0.9749714542893576,0.97303187142468,0.9731221641793111,0.9709996041282178,0.9728407737277267,0.0013134722464168047
0.5900249004364013,0.05646485199170969,0.07492270469665527,0.004032940586160042,0.0,0.95,50000,1,"(1, 1)","{'ord__alpha': 0.0, 'tfidf__max_df': 0.95, 'tfidf__max_features': 50000, 'tfidf__min_df': 1, 'tfidf__ngram_range': (1, 1)}",0.6412608332233514,0.6744982547993019,0.6421122596319131,0.5683530166575577,0.5997148666651086,0.6251878461954465,0.03702799917252003,187,1.0,1.0,1.0,1.0,1.0,1.0,0.0
0.5562073707580566,0.07173017937763228,0.07471599578857421,0.004365517939096068,0.0,0.95,20000,1,"(1, 1)","{'ord__alpha': 0.0, 'tfidf__max_df': 0.95, 'tfidf__max_features': 20000, 'tfidf__min_df': 1, 'tfidf__ngram_range': (1, 1)}",0.6412608332233514,0.6744982547993019,0.6421122596319131,0.5683530166575577,0.5997148666651086,0.6251878461954465,0.03702799917252003,187,1.0,1.0,1.0,1.0,1.0,1.0,0.0
0.43870887756347654,0.012613627418476034,0.07412433624267578,0.0038868502888509964,0.0,0.85,20000,5,"(1, 1)","{'ord__alpha': 0.0, 'tfidf__max_df': 0.85, 'tfidf__max_features': 20000, 'tfidf__min_df': 5, 'tfidf__ngram_range': (1, 1)}",0.6200351727112852,0.6615524553693739,0.6509330530218259,0.5476961454510566,0.6441993082172572,0.6248832269541598,0.04093332609743298,189,1.0,1.0,1.0,1.0,1.0,1.0,0.0
0.46061086654663086,0.018078870932162462,0.06951603889465333,0.003209642649448795,0.0,0.85,10000,5,"(1, 1)","{'ord__alpha': 0.0, 'tfidf__max_df': 0.85, 'tfidf__max_features': 10000, 'tfidf__min_df': 5, 'tfidf__ngram_range': (1, 1)}",0.6200351727112852,0.6615524553693739,0.6509330530218259,0.5476961454510566,0.6441993082172572,0.6248832269541598,0.04093332609743298,189,1.0,1.0,1.0,1.0,1.0,1.0,0.0
0.5179204940795898,0.039072895443602505,0.09038214683532715,0.003811562130191164,0.0,0.85,50000,5,"(1, 1)","{'ord__alpha': 0.0, 'tfidf__max_df': 0.85, 'tfidf__max_features': 50000, 'tfidf__min_df': 5, 'tfidf__ngram_range': (1, 1)}",0.6200351727112852,0.6615524553693739,0.6509330530218259,0.5476961454510566,0.6441993082172572,0.6248832269541598,0.04093332609743298,189,1.0,1.0,1.0,1.0,1.0,1.0,0.0
1.4344820022583007,0.20387842869512196,0.0881302833557129,0.007676645274717911,0.01,0.9,50000,1,"(1, 1)","{'ord__alpha': 0.01, 'tfidf__max_df': 0.9, 'tfidf__max_features': 50000, 'tfidf__min_df': 1, 'tfidf__ngram_range': (1, 1)}",0.6587541117026688,0.6669409022350199,0.6141872359350677,0.5659662750585,0.6174333552040048,0.6246563760270523,0.03621309048013206,192,1.0,1.0,1.0,1.0,1.0,1.0,0.0
1.210218572616577,0.15317188940486076,0.08275437355041504,0.0058627014714642735,0.01,0.9,20000,1,"(1, 1)","{'ord__alpha': 0.01, 'tfidf__max_df': 0.9, 'tfidf__max_features': 20000, 'tfidf__min_df': 1, 'tfidf__ngram_range': (1, 1)}",0.6587541117026688,0.6669409022350199,0.6141872359350677,0.5659662750585,0.6174333552040048,0.6246563760270523,0.03621309048013206,192,1.0,1.0,1.0,1.0,1.0,1.0,0.0
1.732554817199707,0.10850875568406938,0.08774585723876953,0.007318925632777551,0.001,0.9,50000,1,"(1, 1)","{'ord__alpha': 0.001, 'tfidf__max_df': 0.9, 'tfidf__max_features': 50000, 'tfidf__min_df': 1, 'tfidf__ngram_range': (1, 1)}",0.6442215535495375,0.6794034184649904,0.6272566616999896,0.5624473082018548,0.6090252970766203,0.6244708477985986,0.038732216456034446,194,1.0,1.0,1.0,1.0,1.0,1.0,0.0
1.8020643234252929,0.08438213986448904,0.084552001953125,0.010619374267335002,0.001,0.9,20000,1,"(1, 1)","{'ord__alpha': 0.001, 'tfidf__max_df': 0.9, 'tfidf__max_features': 20000, 'tfidf__min_df': 1, 'tfidf__ngram_range': (1, 1)}",0.6442215535495375,0.6794034184649904,0.6272566616999896,0.5624473082018548,0.6090252970766203,0.6244708477985986,0.038732216456034446,194,1.0,1.0,1.0,1.0,1.0,1.0,0.0
1.2014523506164552,0.17330053346321084,0.080438232421875,0.002671099899560445,0.01,0.9,10000,1,"(1, 1)","{'ord__alpha': 0.01, 'tfidf__max_df': 0.9, 'tfidf__max_features': 10000, 'tfidf__min_df': 1, 'tfidf__ngram_range': (1, 1)}",0.6450706441714343,0.67396447694624,0.618072075270726,0.5685475168461187,0.6158710237968819,0.6243051474062803,0.034974716185413236,196,1.0,1.0,1.0,1.0,1.0,1.0,0.0
0.7861537456512451,0.04535350231972428,0.07795214653015137,0.007808036966842848,0.1,0.9,20000,1,"(1, 1)","{'ord__alpha': 0.1, 'tfidf__max_df': 0.9, 'tfidf__max_features': 20000, 'tfidf__min_df': 1, 'tfidf__ngram_range': (1, 1)}",0.649324091357643,0.6617974418520702,0.6523470908779904,0.5658667316360093,0.5915653967543926,0.624180150495621,0.03822258987109662,197,0.9739679200631081,0.9721274893104754,0.974988895058301,0.9731221641793111,0.9679870020415972,0.9724386941305585,0.0024175855280484525
0.895228910446167,0.06772323671533181,0.08866519927978515,0.009051411348650045,0.1,0.9,50000,1,"(1, 1)","{'ord__alpha': 0.1, 'tfidf__max_df': 0.9, 'tfidf__max_features': 50000, 'tfidf__min_df': 1, 'tfidf__ngram_range': (1, 1)}",0.649324091357643,0.6617974418520702,0.6523470908779904,0.5658667316360093,0.5915653967543926,0.624180150495621,0.03822258987109662,197,0.9739679200631081,0.9721274893104754,0.974988895058301,0.9731221641793111,0.9679870020415972,0.9724386941305585,0.0024175855280484525
0.5238268375396729,0.054564398043814404,0.07724270820617676,0.005913572690213147,0.0,0.9,10000,1,"(1, 1)","{'ord__alpha': 0.0, 'tfidf__max_df': 0.9, 'tfidf__max_features': 10000, 'tfidf__min_df': 1, 'tfidf__ngram_range': (1, 1)}",0.6373927809465756,0.6584456806644622,0.6268067554631085,0.5765635562600526,0.6148761847933353,0.6228169916255067,0.027203720439302803,199,1.0,1.0,1.0,1.0,1.0,1.0,0.0
0.4051195621490479,0.014161808681602052,0.07012386322021484,0.002791161779923166,0.0,0.9,50000,3,"(1, 1)","{'ord__alpha': 0.0, 'tfidf__max_df': 0.9, 'tfidf__max_features': 50000, 'tfidf__min_df': 3, 'tfidf__ngram_range': (1, 1)}",0.6153120026343231,0.6690620356200235,0.6069205526165201,0.5842619860996584,0.6286268263970639,0.6208366806735178,0.028100748035656157,200,1.0,1.0,1.0,1.0,1.0,1.0,0.0
0.4095127105712891,0.012413839871476462,0.07141971588134766,0.003301881091065131,0.0,0.9,10000,3,"(1, 1)","{'ord__alpha': 0.0, 'tfidf__max_df': 0.9, 'tfidf__max_features': 10000, 'tfidf__min_df': 3, 'tfidf__ngram_range': (1, 1)}",0.6153120026343231,0.6690620356200235,0.6069205526165201,0.5842619860996584,0.6286268263970639,0.6208366806735178,0.028100748035656157,200,1.0,1.0,1.0,1.0,1.0,1.0,0.0
0.42867722511291506,0.06008493676803498,0.06802692413330078,0.005610950306170734,0.0,0.9,20000,3,"(1, 1)","{'ord__alpha': 0.0, 'tfidf__max_df': 0.9, 'tfidf__max_features': 20000, 'tfidf__min_df': 3, 'tfidf__ngram_range': (1, 1)}",0.6153120026343231,0.6690620356200235,0.6069205526165201,0.5842619860996584,0.6286268263970639,0.6208366806735178,0.028100748035656157,200,1.0,1.0,1.0,1.0,1.0,1.0,0.0
0.7983753681182861,0.04653303871197353,0.0783278465270996,0.003971602411400972,0.1,0.9,10000,1,"(1, 1)","{'ord__alpha': 0.1, 'tfidf__max_df': 0.9, 'tfidf__max_features': 10000, 'tfidf__min_df': 1, 'tfidf__ngram_range': (1, 1)}",0.6374860507633497,0.6617974418520702,0.6274112928108608,0.5852323638389073,0.5893200729653414,0.620249444446106,0.029180304015645843,203,0.9690984110262488,0.97115632743326,0.9740178768560395,0.9692609865793844,0.968009510969276,0.9703086225728418,0.002113065933459818
0.7755150318145752,0.05563004404228115,0.0760268211364746,0.004970019745188455,0.1,0.85,20000,1,"(1, 1)","{'ord__alpha': 0.1, 'tfidf__max_df': 0.85, 'tfidf__max_features': 20000, 'tfidf__min_df': 1, 'tfidf__ngram_range': (1, 1)}",0.647815516793731,0.6680837496014455,0.6382446371407897,0.5509381721094657,0.5917147878483555,0.6193593726987575,0.04239375901234932,204,0.975959437013725,0.975942478570407,0.97303187142468,0.9731221641793111,0.9728995701445877,0.9741911042665421,0.0014386679072608275
0.8060733318328858,0.06100785596998907,0.0781275749206543,0.0013968907673779431,0.1,0.85,50000,1,"(1, 1)","{'ord__alpha': 0.1, 'tfidf__max_df': 0.85, 'tfidf__max_features': 50000, 'tfidf__min_df': 1, 'tfidf__ngram_range': (1, 1)}",0.647815516793731,0.6680837496014455,0.6382446371407897,0.5509381721094657,0.5917147878483555,0.6193593726987575,0.04239375901234932,204,0.975959437013725,0.975942478570407,0.97303187142468,0.9731221641793111,0.9728995701445877,0.9741911042665421,0.0014386679072608275
0.4517039775848389,0.014948371780397724,0.07404685020446777,0.0034295221738021024,0.0,0.9,20000,5,"(1, 1)","{'ord__alpha': 0.0, 'tfidf__max_df': 0.9, 'tfidf__max_features': 20000, 'tfidf__min_df': 5, 'tfidf__ngram_range': (1, 1)}",0.6229295867405741,0.6449733096085408,0.6283470189218137,0.5573119693889752,0.6302314357288962,0.61675866407776,0.030606736390262186,206,1.0,1.0,1.0,1.0,1.0,1.0,0.0
0.4113627433776855,0.01598235210692609,0.06990041732788085,0.003240451705444341,0.0,0.9,10000,5,"(1, 1)","{'ord__alpha': 0.0, 'tfidf__max_df': 0.9, 'tfidf__max_features': 10000, 'tfidf__min_df': 5, 'tfidf__ngram_range': (1, 1)}",0.6229295867405741,0.6449733096085408,0.6283470189218137,0.5573119693889752,0.6302314357288962,0.61675866407776,0.030606736390262186,206,1.0,1.0,1.0,1.0,1.0,1.0,0.0
0.4931193828582764,0.029611970397068043,0.08495073318481446,0.0044565248826089,0.0,0.9,50000,5,"(1, 1)","{'ord__alpha': 0.0, 'tfidf__max_df': 0.9, 'tfidf__max_features': 50000, 'tfidf__min_df': 5, 'tfidf__ngram_range': (1, 1)}",0.6229295867405741,0.6449733096085408,0.6283470189218137,0.5573119693889752,0.6302314357288962,0.61675866407776,0.030606736390262186,206,1.0,1.0,1.0,1.0,1.0,1.0,0.0
0.555605697631836,0.06474718469509304,0.07091107368469238,0.006005661447140725,0.0,0.9,20000,1,"(1, 1)","{'ord__alpha': 0.0, 'tfidf__max_df': 0.9, 'tfidf__max_features': 20000, 'tfidf__min_df': 1, 'tfidf__ngram_range': (1, 1)}",0.61982709058761,0.6586307175057566,0.6330912100036779,0.5565875796552777,0.5992890723540878,0.613485134021282,0.03435579193196261,209,1.0,1.0,1.0,1.0,1.0,1.0,0.0
0.5568954944610596,0.034472744071034574,0.07756643295288086,0.0064847957593888285,0.0,0.9,50000,1,"(1, 1)","{'ord__alpha': 0.0, 'tfidf__max_df': 0.9, 'tfidf__max_features': 50000, 'tfidf__min_df': 1, 'tfidf__ngram_range': (1, 1)}",0.61982709058761,0.6586307175057566,0.6330912100036779,0.5565875796552777,0.5992890723540878,0.613485134021282,0.03435579193196261,209,1.0,1.0,1.0,1.0,1.0,1.0,0.0
0.5325358390808106,0.03624785432321728,0.07577533721923828,0.006690406112818766,0.0,0.85,20000,1,"(1, 1)","{'ord__alpha': 0.0, 'tfidf__max_df': 0.85, 'tfidf__max_features': 20000, 'tfidf__min_df': 1, 'tfidf__ngram_range': (1, 1)}",0.6364033268571678,0.6635205895662293,0.625865167236682,0.5497643666033623,0.5858399108772429,0.6122786722281368,0.03999843099319871,211,1.0,1.0,1.0,1.0,1.0,1.0,0.0
0.539442491531372,0.03181077778739187,0.07407002449035645,0.0039452769837615455,0.0,0.85,50000,1,"(1, 1)","{'ord__alpha': 0.0, 'tfidf__max_df': 0.85, 'tfidf__max_features': 50000, 'tfidf__min_df': 1, 'tfidf__ngram_range': (1, 1)}",0.6364033268571678,0.6635205895662293,0.625865167236682,0.5497643666033623,0.5858399108772429,0.6122786722281368,0.03999843099319871,211,1.0,1.0,1.0,1.0,1.0,1.0,0.0
0.40495476722717283,0.020191290025414886,0.0704122543334961,0.002049905815061829,0.0,0.85,20000,3,"(1, 1)","{'ord__alpha': 0.0, 'tfidf__max_df': 0.85, 'tfidf__max_features': 20000, 'tfidf__min_df': 3, 'tfidf__ngram_range': (1, 1)}",0.5963909474593732,0.6630101308848523,0.597942487974439,0.5538362346872985,0.6353117534079731,0.6092983108827872,0.037237764273192975,213,1.0,1.0,1.0,1.0,1.0,1.0,0.0
0.622317123413086,0.02620848548135531,0.08003025054931641,0.005105455265152427,0.0,0.85,10000,3,"(1, 1)","{'ord__alpha': 0.0, 'tfidf__max_df': 0.85, 'tfidf__max_features': 10000, 'tfidf__min_df': 3, 'tfidf__ngram_range': (1, 1)}",0.5963909474593732,0.6630101308848523,0.597942487974439,0.5538362346872985,0.6353117534079731,0.6092983108827872,0.037237764273192975,213,1.0,1.0,1.0,1.0,1.0,1.0,0.0
0.40173864364624023,0.024649497566884768,0.07023043632507324,0.0037308385986980974,0.0,0.85,50000,3,"(1, 1)","{'ord__alpha': 0.0, 'tfidf__max_df': 0.85, 'tfidf__max_features': 50000, 'tfidf__min_df': 3, 'tfidf__ngram_range': (1, 1)}",0.5963909474593732,0.6630101308848523,0.597942487974439,0.5538362346872985,0.6353117534079731,0.6092983108827872,0.037237764273192975,213,1.0,1.0,1.0,1.0,1.0,1.0,0.0
0.6812474250793457,0.027424321790303793,0.07161183357238769,0.004558676066857646,0.0,0.85,10000,1,"(1, 1)","{'ord__alpha': 0.0, 'tfidf__max_df': 0.85, 'tfidf__max_features': 10000, 'tfidf__min_df': 1, 'tfidf__ngram_range': (1, 1)}",0.633628084994061,0.6619178556736744,0.6045746643014063,0.5525896506338467,0.592672819740064,0.6090766150686104,0.037081263724765376,216,1.0,1.0,1.0,1.0,1.0,1.0,0.0
1.4004693508148194,0.06176538832288799,0.16645779609680175,0.004077013373970822,1.0,0.95,10000,5,"(1, 2)","{'ord__alpha': 1.0, 'tfidf__max_df': 0.95, 'tfidf__max_features': 10000, 'tfidf__min_df': 5, 'tfidf__ngram_range': (1, 2)}",0.5677559566404282,0.6242228966402396,0.5556130790190736,0.5331405755197578,0.5650620583798661,0.569158913239873,0.030105165841554118,217,0.7501279034073468,0.7496508413674761,0.7605390463026952,0.7504895066875927,0.7555494750904358,0.7532713545711093,0.004212772363411213
0.3942237854003906,0.015182277132301298,0.07452178001403809,0.003210607393087541,1.0,0.95,10000,5,"(1, 1)","{'ord__alpha': 1.0, 'tfidf__max_df': 0.95, 'tfidf__max_features': 10000, 'tfidf__min_df': 5, 'tfidf__ngram_range': (1, 1)}",0.5899293513166346,0.6287239116702976,0.5380109173212622,0.5291805261566375,0.553810082063306,0.5679309577056275,0.03681281424709669,218,0.7011176048395366,0.685300958516375,0.7049456344688112,0.7073591772733594,0.6971349745502071,0.6991716699296578,0.0077550676187291105
0.42815651893615725,0.019080695309615727,0.07742934226989746,0.002852821553336058,1.0,0.95,20000,5,"(1, 1)","{'ord__alpha': 1.0, 'tfidf__max_df': 0.95, 'tfidf__max_features': 20000, 'tfidf__min_df': 5, 'tfidf__ngram_range': (1, 1)}",0.5899293513166346,0.6287239116702976,0.5380109173212622,0.5291805261566375,0.553810082063306,0.5679309577056275,0.03681281424709669,218,0.7011176048395366,0.685300958516375,0.7049456344688112,0.7073591772733594,0.6971349745502071,0.6991716699296578,0.0077550676187291105
0.5274060726165771,0.01658966049704646,0.09729785919189453,0.00789140981886949,1.0,0.95,50000,5,"(1, 1)","{'ord__alpha': 1.0, 'tfidf__max_df': 0.95, 'tfidf__max_features': 50000, 'tfidf__min_df': 5, 'tfidf__ngram_range': (1, 1)}",0.5899293513166346,0.6287239116702976,0.5380109173212622,0.5291805261566375,0.553810082063306,0.5679309577056275,0.03681281424709669,218,0.7011176048395366,0.685300958516375,0.7049456344688112,0.7073591772733594,0.6971349745502071,0.6991716699296578,0.0077550676187291105
0.4326954364776611,0.06801878560224738,0.0755875587463379,0.0070959892239076386,1.0,0.95,50000,3,"(1, 1)","{'ord__alpha': 1.0, 'tfidf__max_df': 0.95, 'tfidf__max_features': 50000, 'tfidf__min_df': 3, 'tfidf__ngram_range': (1, 1)}",0.5886082474226804,0.6364800372482831,0.531012056898928,0.523612832163018,0.5523406257351211,0.5664107598936061,0.04167764760296792,221,0.6989236289082521,0.6899217464008569,0.7067628371809076,0.7087491823814362,0.7014219843603489,0.7011558758463604,0.006638610156877305
0.3999502658843994,0.013439957741519607,0.07123923301696777,0.0021270979563403126,1.0,0.95,20000,3,"(1, 1)","{'ord__alpha': 1.0, 'tfidf__max_df': 0.95, 'tfidf__max_features': 20000, 'tfidf__min_df': 3, 'tfidf__ngram_range': (1, 1)}",0.5886082474226804,0.6364800372482831,0.531012056898928,0.523612832163018,0.5523406257351211,0.5664107598936061,0.04167764760296792,221,0.6989236289082521,0.6899217464008569,0.7067628371809076,0.7087491823814362,0.7014219843603489,0.7011558758463604,0.006638610156877305
0.3888068675994873,0.006980692139369345,0.07161087989807129,0.0036262064448356543,1.0,0.95,10000,3,"(1, 1)","{'ord__alpha': 1.0, 'tfidf__max_df': 0.95, 'tfidf__max_features': 10000, 'tfidf__min_df': 3, 'tfidf__ngram_range': (1, 1)}",0.5886082474226804,0.6364800372482831,0.531012056898928,0.523612832163018,0.5523406257351211,0.5664107598936061,0.04167764760296792,221,0.6989236289082521,0.6899217464008569,0.7067628371809076,0.7087491823814362,0.7014219843603489,0.7011558758463604,0.006638610156877305
1.3450478076934815,0.039382668962309506,0.17869558334350585,0.01253578547113541,1.0,0.95,10000,1,"(1, 2)","{'ord__alpha': 1.0, 'tfidf__max_df': 0.95, 'tfidf__max_features': 10000, 'tfidf__min_df': 1, 'tfidf__ngram_range': (1, 2)}",0.5677559566404282,0.6189366546136332,0.5516612944904593,0.5291805261566375,0.5559054701352317,0.564687980407278,0.02986615968392929,224,0.7470101195952162,0.7396046319837207,0.7629466469311356,0.7487218129494095,0.7543338174627966,0.7505234057844556,0.007793134101879719
1.4344306468963623,0.060617064175545805,0.18157048225402833,0.007248019961937103,1.0,0.85,10000,1,"(1, 2)","{'ord__alpha': 1.0, 'tfidf__max_df': 0.85, 'tfidf__max_features': 10000, 'tfidf__min_df': 1, 'tfidf__ngram_range': (1, 2)}",0.5691832206255283,0.6149444496437022,0.5492774801104074,0.5150564791429602,0.5650620583798661,0.5627047375804929,0.03233315015788242,225,0.755231193222415,0.7427496000142649,0.7679225238707941,0.7558383863601084,0.7578294533724803,0.7559142313680125,0.008020560783541218
1.4015399932861328,0.07661525317245113,0.17508330345153808,0.012726339304042825,1.0,0.95,20000,5,"(1, 2)","{'ord__alpha': 1.0, 'tfidf__max_df': 0.95, 'tfidf__max_features': 20000, 'tfidf__min_df': 5, 'tfidf__ngram_range': (1, 2)}",0.5663192043822795,0.6322525253880311,0.552792587467611,0.5180260943921883,0.5440945510687571,0.5626969925397735,0.03818567736276269,226,0.7572289772146725,0.7453782706461195,0.7711177166604138,0.763414640005958,0.7689440244005489,0.7612167257855427,0.009266395102498708
1.4178975582122804,0.10192770824509806,0.1492682933807373,0.006059233754889575,1.0,0.95,50000,5,"(1, 2)","{'ord__alpha': 1.0, 'tfidf__max_df': 0.95, 'tfidf__max_features': 50000, 'tfidf__min_df': 5, 'tfidf__ngram_range': (1, 2)}",0.5663192043822795,0.6322525253880311,0.552792587467611,0.5180260943921883,0.5440945510687571,0.5626969925397735,0.03818567736276269,226,0.7572289772146725,0.7453782706461195,0.7711177166604138,0.763414640005958,0.7689440244005489,0.7612167257855427,0.009266395102498708
1.413955020904541,0.04994696433267086,0.2002659797668457,0.010462405269616967,1.0,0.95,10000,3,"(1, 2)","{'ord__alpha': 1.0, 'tfidf__max_df': 0.95, 'tfidf__max_features': 10000, 'tfidf__min_df': 3, 'tfidf__ngram_range': (1, 2)}",0.5677559566404282,0.6149444496437022,0.5556130790190736,0.5246593211401294,0.5479415529010239,0.5621828718688715,0.02989594476341627,228,0.7490537084398977,0.7434600197433365,0.7608772053138398,0.7480681966394583,0.7563698244924204,0.7515657909257907,0.006229420953592606
1.3927008152008056,0.053642990704507156,0.1734593391418457,0.009731467900639732,1.0,0.85,10000,3,"(1, 2)","{'ord__alpha': 1.0, 'tfidf__max_df': 0.85, 'tfidf__max_features': 10000, 'tfidf__min_df': 3, 'tfidf__ngram_range': (1, 2)}",0.5691832206255283,0.6149444496437022,0.554737624096711,0.5110963344692877,0.5597497614250875,0.5619422780520633,0.03317735851263777,229,0.7574767786056956,0.745809421174271,0.7733708110729491,0.7582534083386367,0.7619510489398321,0.7593722936262769,0.008847653477634674
1.386151123046875,0.0686204897789425,0.17728538513183595,0.0010646314025499184,1.0,0.85,10000,5,"(1, 2)","{'ord__alpha': 1.0, 'tfidf__max_df': 0.85, 'tfidf__max_features': 10000, 'tfidf__min_df': 5, 'tfidf__ngram_range': (1, 2)}",0.5744689267771668,0.6109657786557045,0.554737624096711,0.5150564791429602,0.5518015010282846,0.5614060619401654,0.03134263370468817,230,0.7571297148114076,0.7475133080338288,0.7703281027104137,0.757584246124379,0.7613200970391222,0.7587750937438302,0.007360737262217858
1.4507933616638184,0.05892009560178165,0.18383731842041015,0.014533123059567724,1.0,0.85,20000,5,"(1, 2)","{'ord__alpha': 1.0, 'tfidf__max_df': 0.85, 'tfidf__max_features': 20000, 'tfidf__min_df': 5, 'tfidf__ngram_range': (1, 2)}",0.5758622522187384,0.605666002647165,0.5477231379151166,0.5110963344692877,0.5556744609128363,0.5592044376326288,0.03128843357921732,231,0.7606977937403797,0.749846873024662,0.7817322834645669,0.7652380800306582,0.7695489931830057,0.7654128046886545,0.010468940044673157
1.5716786861419678,0.11977041356564672,0.18272457122802735,0.00646431846065915,1.0,0.85,50000,5,"(1, 2)","{'ord__alpha': 1.0, 'tfidf__max_df': 0.85, 'tfidf__max_features': 50000, 'tfidf__min_df': 5, 'tfidf__ngram_range': (1, 2)}",0.5758622522187384,0.605666002647165,0.5477231379151166,0.5110963344692877,0.5556744609128363,0.5592044376326288,0.03128843357921732,231,0.7606977937403797,0.749846873024662,0.7817322834645669,0.7652380800306582,0.7695489931830057,0.7654128046886545,0.010468940044673157
0.43057780265808104,0.034706024861290194,0.07683472633361817,0.005600270981283405,1.0,0.85,20000,5,"(1, 1)","{'ord__alpha': 1.0, 'tfidf__max_df': 0.85, 'tfidf__max_features': 20000, 'tfidf__min_df': 5, 'tfidf__ngram_range': (1, 1)}",0.6102616464582004,0.6146734498876636,0.5102915723605379,0.5202935979339405,0.539929255635021,0.5590899044550727,0.044635498833522746,233,0.7012511443393348,0.6831306438400652,0.7024359178474765,0.7171403671171852,0.6896891950618873,0.6987294536411899,0.011697073807602473
0.4552170276641846,0.04880223386414697,0.09730873107910157,0.005985495174910788,1.0,0.85,50000,5,"(1, 1)","{'ord__alpha': 1.0, 'tfidf__max_df': 0.85, 'tfidf__max_features': 50000, 'tfidf__min_df': 5, 'tfidf__ngram_range': (1, 1)}",0.6102616464582004,0.6146734498876636,0.5102915723605379,0.5202935979339405,0.539929255635021,0.5590899044550727,0.044635498833522746,233,0.7012511443393348,0.6831306438400652,0.7024359178474765,0.7171403671171852,0.6896891950618873,0.6987294536411899,0.011697073807602473
0.44005398750305175,0.057456884558014155,0.07392258644104004,0.004906871409939864,1.0,0.85,10000,5,"(1, 1)","{'ord__alpha': 1.0, 'tfidf__max_df': 0.85, 'tfidf__max_features': 10000, 'tfidf__min_df': 5, 'tfidf__ngram_range': (1, 1)}",0.6102616464582004,0.6146734498876636,0.5102915723605379,0.5202935979339405,0.539929255635021,0.5590899044550727,0.044635498833522746,233,0.7012511443393348,0.6831306438400652,0.7024359178474765,0.7171403671171852,0.6896891950618873,0.6987294536411899,0.011697073807602473
0.39975152015686033,0.023002464835757765,0.07110710144042968,0.002463787467008938,1.0,0.9,20000,5,"(1, 1)","{'ord__alpha': 1.0, 'tfidf__max_df': 0.9, 'tfidf__max_features': 20000, 'tfidf__min_df': 5, 'tfidf__ngram_range': (1, 1)}",0.6106202680218236,0.622396103223132,0.5249544771854273,0.521300786279828,0.511750586869939,0.55820444431603,0.04794452796777416,236,0.6961015041440703,0.6822662148116845,0.6966825864754573,0.7098697026793983,0.6946522964522022,0.6959144609125625,0.00875490097690194
0.40250182151794434,0.009575997266982534,0.07431635856628419,0.0043112500037438845,1.0,0.9,10000,5,"(1, 1)","{'ord__alpha': 1.0, 'tfidf__max_df': 0.9, 'tfidf__max_features': 10000, 'tfidf__min_df': 5, 'tfidf__ngram_range': (1, 1)}",0.6106202680218236,0.622396103223132,0.5249544771854273,0.521300786279828,0.511750586869939,0.55820444431603,0.04794452796777416,236,0.6961015041440703,0.6822662148116845,0.6966825864754573,0.7098697026793983,0.6946522964522022,0.6959144609125625,0.00875490097690194
0.4910675048828125,0.06389248564289626,0.09393558502197266,0.0036317905578997396,1.0,0.9,50000,5,"(1, 1)","{'ord__alpha': 1.0, 'tfidf__max_df': 0.9, 'tfidf__max_features': 50000, 'tfidf__min_df': 5, 'tfidf__ngram_range': (1, 1)}",0.6106202680218236,0.622396103223132,0.5249544771854273,0.521300786279828,0.511750586869939,0.55820444431603,0.04794452796777416,236,0.6961015041440703,0.6822662148116845,0.6966825864754573,0.7098697026793983,0.6946522964522022,0.6959144609125625,0.00875490097690194
1.3792587757110595,0.044077062169805066,0.18417530059814452,0.01041900403968475,1.0,0.9,10000,3,"(1, 2)","{'ord__alpha': 1.0, 'tfidf__max_df': 0.9, 'tfidf__max_features': 10000, 'tfidf__min_df': 3, 'tfidf__ngram_range': (1, 2)}",0.5585592748668203,0.6149444496437022,0.5477231379151166,0.5347292735805045,0.5202645051194539,0.5552441282251195,0.03248420281824789,239,0.7564037146647618,0.7438775311715847,0.7719419851163175,0.7541141484543196,0.7636036209862846,0.7579882000786536,0.009411385826401492
1.6373557090759276,0.07741046664450303,0.2037191390991211,0.015932035218465576,1.0,0.95,20000,1,"(1, 2)","{'ord__alpha': 1.0, 'tfidf__max_df': 0.95, 'tfidf__max_features': 20000, 'tfidf__min_df': 1, 'tfidf__ngram_range': (1, 2)}",0.5676620714601504,0.6123113785351803,0.5512462734314378,0.524316067212887,0.5192240239592045,0.554951962919772,0.03370586085999423,240,0.7559087625141914,0.7432644479094803,0.7649799196787148,0.7654683627474189,0.7639654007166856,0.7587173787132983,0.008473704444951824
1.396230936050415,0.04602025470130244,0.175077486038208,0.009424506045544519,1.0,0.9,10000,5,"(1, 2)","{'ord__alpha': 1.0, 'tfidf__max_df': 0.9, 'tfidf__max_features': 10000, 'tfidf__min_df': 5, 'tfidf__ngram_range': (1, 2)}",0.5585592748668203,0.6109657786557045,0.553204754611621,0.5307799786307226,0.5202645051194539,0.5547548583768644,0.03143540453618853,241,0.7548307943973009,0.7518861017124094,0.7741454441973192,0.7602798151875324,0.7697855167475587,0.7621855344484241,0.00853933784263739
1.3639885902404785,0.05490301814128016,0.1732931137084961,0.017909409632622223,1.0,0.9,10000,1,"(1, 2)","{'ord__alpha': 1.0, 'tfidf__max_df': 0.9, 'tfidf__max_features': 10000, 'tfidf__min_df': 1, 'tfidf__ngram_range': (1, 2)}",0.5585592748668203,0.6149444496437022,0.5477231379151166,0.5307799786307226,0.5202645051194539,0.554454269235163,0.03301706568383265,242,0.7522268864543872,0.7422800285170021,0.7704260076830457,0.7539156717980522,0.7630752421669409,0.7563847673238857,0.009635838804175772
0.4040686130523682,0.02195553865169299,0.07322320938110352,0.003377217304182412,1.0,0.85,20000,3,"(1, 1)","{'ord__alpha': 1.0, 'tfidf__max_df': 0.85, 'tfidf__max_features': 20000, 'tfidf__min_df': 3, 'tfidf__ngram_range': (1, 1)}",0.5630460463969051,0.6356034382171055,0.5095505391107702,0.5092332451378849,0.5488626681469624,0.5532591874019257,0.04635605065260995,243,0.7053870345947042,0.6848475068581572,0.7099474491931359,0.7168800895903993,0.6955200945244883,0.702516434952177,0.011233117901053915
0.3910322666168213,0.012984786791804034,0.06863088607788086,0.005721287779256625,1.0,0.85,50000,3,"(1, 1)","{'ord__alpha': 1.0, 'tfidf__max_df': 0.85, 'tfidf__max_features': 50000, 'tfidf__min_df': 3, 'tfidf__ngram_range': (1, 1)}",0.5630460463969051,0.6356034382171055,0.5095505391107702,0.5092332451378849,0.5488626681469624,0.5532591874019257,0.04635605065260995,243,0.7053870345947042,0.6848475068581572,0.7099474491931359,0.7168800895903993,0.6955200945244883,0.702516434952177,0.011233117901053915
0.39252166748046874,0.013159141306241151,0.06892871856689453,0.002720228116125191,1.0,0.85,10000,3,"(1, 1)","{'ord__alpha': 1.0, 'tfidf__max_df': 0.85, 'tfidf__max_features': 10000, 'tfidf__min_df': 3, 'tfidf__ngram_range': (1, 1)}",0.5630460463969051,0.6356034382171055,0.5095505391107702,0.5092332451378849,0.5488626681469624,0.5532591874019257,0.04635605065260995,243,0.7053870345947042,0.6848475068581572,0.7099474491931359,0.7168800895903993,0.6955200945244883,0.702516434952177,0.011233117901053915
0.49829683303833006,0.05833767217683884,0.08012905120849609,0.00503635653580784,1.0,0.95,10000,1,"(1, 1)","{'ord__alpha': 1.0, 'tfidf__max_df': 0.95, 'tfidf__max_features': 10000, 'tfidf__min_df': 1, 'tfidf__ngram_range': (1, 1)}",0.5780374325896163,0.6212836460702967,0.5256063216033686,0.4911905884964347,0.5490717591361243,0.5530379495791682,0.0444427051230685,246,0.7090126115041526,0.6806388539602494,0.7071077062089804,0.7121545574764235,0.7084116959026353,0.7034650850104882,0.011533052106073725
0.5557404518127441,0.054985577472869314,0.07648329734802246,0.0035874832154205805,1.0,0.95,20000,1,"(1, 1)","{'ord__alpha': 1.0, 'tfidf__max_df': 0.95, 'tfidf__max_features': 20000, 'tfidf__min_df': 1, 'tfidf__ngram_range': (1, 1)}",0.5780374325896163,0.6125378848301164,0.5311642760634887,0.4911905884964347,0.5514181079419391,0.5528696579843191,0.04116127400421537,247,0.711918158567775,0.6797068436169159,0.7084607725455736,0.7119798717678363,0.7116714468072667,0.7047474186610735,0.012589594513994313
0.5648626804351806,0.08299072046408765,0.08204245567321777,0.0059427283287472816,1.0,0.95,50000,1,"(1, 1)","{'ord__alpha': 1.0, 'tfidf__max_df': 0.95, 'tfidf__max_features': 50000, 'tfidf__min_df': 1, 'tfidf__ngram_range': (1, 1)}",0.5780374325896163,0.6125378848301164,0.5311642760634887,0.4911905884964347,0.5514181079419391,0.5528696579843191,0.04116127400421537,247,0.711918158567775,0.6797068436169159,0.7084607725455736,0.7119798717678363,0.7116714468072667,0.7047474186610735,0.012589594513994313
0.40213589668273925,0.039683262580400606,0.0726233959197998,0.004727307092380237,1.0,0.9,20000,3,"(1, 1)","{'ord__alpha': 1.0, 'tfidf__max_df': 0.9, 'tfidf__max_features': 20000, 'tfidf__min_df': 3, 'tfidf__ngram_range': (1, 1)}",0.5848054036667739,0.6202313946216386,0.5217251669365306,0.5045573454495388,0.532714446804605,0.5528067514958174,0.0430529140285335,249,0.7052470708099847,0.6823505145188276,0.7082489732168682,0.7038041967283925,0.7105459719870982,0.7020393454522342,0.010119055662471175
0.39927992820739744,0.0125178456963028,0.07383041381835938,0.0024843793787249087,1.0,0.9,10000,3,"(1, 1)","{'ord__alpha': 1.0, 'tfidf__max_df': 0.9, 'tfidf__max_features': 10000, 'tfidf__min_df': 3, 'tfidf__ngram_range': (1, 1)}",0.5848054036667739,0.6202313946216386,0.5217251669365306,0.5045573454495388,0.532714446804605,0.5528067514958174,0.0430529140285335,249,0.7052470708099847,0.6823505145188276,0.7082489732168682,0.7038041967283925,0.7105459719870982,0.7020393454522342,0.010119055662471175
0.3939119815826416,0.00834755917337867,0.0714343547821045,0.0029427283023291404,1.0,0.9,50000,3,"(1, 1)","{'ord__alpha': 1.0, 'tfidf__max_df': 0.9, 'tfidf__max_features': 50000, 'tfidf__min_df': 3, 'tfidf__ngram_range': (1, 1)}",0.5848054036667739,0.6202313946216386,0.5217251669365306,0.5045573454495388,0.532714446804605,0.5528067514958174,0.0430529140285335,249,0.7052470708099847,0.6823505145188276,0.7082489732168682,0.7038041967283925,0.7105459719870982,0.7020393454522342,0.010119055662471175
1.5308927536010741,0.057794826231754165,0.179335355758667,0.01517155649343318,1.0,0.85,20000,3,"(1, 2)","{'ord__alpha': 1.0, 'tfidf__max_df': 0.85, 'tfidf__max_features': 20000, 'tfidf__min_df': 3, 'tfidf__ngram_range': (1, 2)}",0.5744487989549174,0.5912063805874148,0.5422225849007848,0.49979148711390364,0.5502880879003081,0.5515914678914657,0.031191382360203673,252,0.7552013249146051,0.7459802127958999,0.7736370780739117,0.767106691315117,0.774496171999175,0.7632842958197417,0.01106582742624844
1.4188178539276124,0.039423931949458285,0.17902922630310059,0.009139561044839897,1.0,0.9,20000,5,"(1, 2)","{'ord__alpha': 1.0, 'tfidf__max_df': 0.9, 'tfidf__max_features': 20000, 'tfidf__min_df': 5, 'tfidf__ngram_range': (1, 2)}",0.5544618018403595,0.6136324000912226,0.5433776945721922,0.523612832163018,0.5224708562240385,0.5515111169781661,0.03333335853794913,253,0.7612350963008254,0.7539575515947468,0.7711617439142855,0.765709086099385,0.7725688527647206,0.7649264661347928,0.0068094133937611915
1.5652590274810791,0.07839166527356946,0.18248953819274902,0.010973000687613211,1.0,0.9,50000,5,"(1, 2)","{'ord__alpha': 1.0, 'tfidf__max_df': 0.9, 'tfidf__max_features': 50000, 'tfidf__min_df': 5, 'tfidf__ngram_range': (1, 2)}",0.5544618018403595,0.6136324000912226,0.5433776945721922,0.523612832163018,0.5224708562240385,0.5515111169781661,0.03333335853794913,253,0.7612350963008254,0.7539575515947468,0.7711617439142855,0.765709086099385,0.7725688527647206,0.7649264661347928,0.0068094133937611915
1.5880484104156494,0.07207053637921963,0.18279695510864258,0.01456035860528159,1.0,0.95,20000,3,"(1, 2)","{'ord__alpha': 1.0, 'tfidf__max_df': 0.95, 'tfidf__max_features': 20000, 'tfidf__min_df': 3, 'tfidf__ngram_range': (1, 2)}",0.559838703216589,0.6100014895259245,0.5417988265563103,0.5124202149705728,0.5301567667858775,0.5508432002110547,0.033366681844125966,255,0.7564617444135516,0.7496444840009591,0.7694394826689579,0.7678907615219497,0.769303167127111,0.7625479279465059,0.008064901104753797
1.7818243503570557,0.07548672229470149,0.1910914421081543,0.01829672634168037,1.0,0.95,50000,3,"(1, 2)","{'ord__alpha': 1.0, 'tfidf__max_df': 0.95, 'tfidf__max_features': 50000, 'tfidf__min_df': 3, 'tfidf__ngram_range': (1, 2)}",0.5583644815990784,0.5938095497359395,0.5496892288778089,0.5163718896177586,0.5301567667858775,0.5496783833232926,0.026508203654770898,256,0.7618802185341718,0.7508851409577743,0.7723799153133358,0.7697958696969307,0.7717401790498828,0.765336264710419,0.008139907151872027
1.5537861824035644,0.06081483465437085,0.20862255096435547,0.01961244947439769,1.0,0.85,20000,1,"(1, 2)","{'ord__alpha': 1.0, 'tfidf__max_df': 0.85, 'tfidf__max_features': 20000, 'tfidf__min_df': 1, 'tfidf__ngram_range': (1, 2)}",0.5744487989549174,0.5912063805874148,0.5300650054171181,0.5107438933096736,0.5378949356501093,0.5488718027838466,0.02957811329708837,257,0.7541645111226074,0.7396728528496863,0.7724241017336851,0.7657071979459261,0.7691604498665712,0.7602258227036952,0.011981945720808976
1.8259506225585938,0.11981067016294206,0.18198609352111816,0.014460848910855409,1.0,0.85,50000,3,"(1, 2)","{'ord__alpha': 1.0, 'tfidf__max_df': 0.85, 'tfidf__max_features': 50000, 'tfidf__min_df': 3, 'tfidf__ngram_range': (1, 2)}",0.5744487989549174,0.5872174759381421,0.5367029972752044,0.5020261017801749,0.5394605931861571,0.5479711934269191,0.03017180237521886,258,0.7538078955548647,0.7480412708811006,0.775031615057004,0.7722631544210798,0.774357094121275,0.7647002060070649,0.011431134993855882
0.5809298992156983,0.07528701119110741,0.07603740692138672,0.003955631382170862,1.0,0.85,10000,1,"(1, 1)","{'ord__alpha': 1.0, 'tfidf__max_df': 0.85, 'tfidf__max_features': 10000, 'tfidf__min_df': 1, 'tfidf__ngram_range': (1, 1)}",0.5755464553528693,0.6134490124896793,0.5155798918420733,0.5033861932499094,0.5279041147198886,0.5471731335308839,0.04119286751002064,259,0.7124476667007047,0.6909790189154362,0.7094085590639525,0.7181344927824933,0.6963420539678277,0.7054623582860828,0.010177397477790364
1.885686492919922,0.078082510161165,0.19994573593139647,0.03445429356829126,1.0,0.9,50000,3,"(1, 2)","{'ord__alpha': 1.0, 'tfidf__max_df': 0.9, 'tfidf__max_features': 50000, 'tfidf__min_df': 3, 'tfidf__ngram_range': (1, 2)}",0.5544618018403595,0.6056177950966066,0.5290948719003166,0.5219806029123262,0.5218663631929767,0.546604286988517,0.031840869921531345,260,0.7551272802226116,0.7495924723886759,0.7751703255109765,0.7768639980437392,0.7705221701724563,0.7654552492676919,0.011031868177353417
1.6171457290649414,0.1320805173200206,0.19487314224243163,0.009287219719783657,1.0,0.9,20000,1,"(1, 2)","{'ord__alpha': 1.0, 'tfidf__max_df': 0.9, 'tfidf__max_features': 20000, 'tfidf__min_df': 1, 'tfidf__ngram_range': (1, 2)}",0.559838703216589,0.6056177950966066,0.5346615944607132,0.5180260943921883,0.5124911938438195,0.5461270762019833,0.033998968755633824,261,0.7514188422247446,0.7445110831681996,0.7686361072755208,0.764304289454631,0.771881099238175,0.7601502842722543,0.010466132640710564
0.5148447036743165,0.03842235419576369,0.07566609382629394,0.004179624003293662,1.0,0.85,50000,1,"(1, 1)","{'ord__alpha': 1.0, 'tfidf__max_df': 0.85, 'tfidf__max_features': 50000, 'tfidf__min_df': 1, 'tfidf__ngram_range': (1, 1)}",0.5702185464860763,0.5956523486157431,0.5249861075344602,0.5016640098442263,0.534487811376049,0.545401764771311,0.033436203362741,262,0.709433962264151,0.6897152332109289,0.7149025768937983,0.7209682221632105,0.7002825423285453,0.7070605073721268,0.01102139028504541
0.5241986751556397,0.05403508975195835,0.0723421573638916,0.005846839940349597,1.0,0.85,20000,1,"(1, 1)","{'ord__alpha': 1.0, 'tfidf__max_df': 0.85, 'tfidf__max_features': 20000, 'tfidf__min_df': 1, 'tfidf__ngram_range': (1, 1)}",0.5702185464860763,0.5956523486157431,0.5249861075344602,0.5016640098442263,0.534487811376049,0.545401764771311,0.033436203362741,262,0.709433962264151,0.6897152332109289,0.7149025768937983,0.7209682221632105,0.7002825423285453,0.7070605073721268,0.01102139028504541
1.5943947315216065,0.0683507303154686,0.17849221229553222,0.011605851854719984,1.0,0.9,20000,3,"(1, 2)","{'ord__alpha': 1.0, 'tfidf__max_df': 0.9, 'tfidf__max_features': 20000, 'tfidf__min_df': 3, 'tfidf__ngram_range': (1, 2)}",0.559838703216589,0.5992254908621509,0.5330385587169065,0.5180260943921883,0.5124911938438195,0.5445240082063308,0.0318965461154062,264,0.758638367681739,0.7497487732783004,0.7742823880731785,0.7672476849863143,0.7698212306693467,0.7639476889377759,0.00874062435661057
0.4636384963989258,0.022042772643608984,0.07755045890808106,0.005734894650471518,1.0,0.9,10000,1,"(1, 1)","{'ord__alpha': 1.0, 'tfidf__max_df': 0.9, 'tfidf__max_features': 10000, 'tfidf__min_df': 1, 'tfidf__ngram_range': (1, 1)}",0.560975934582551,0.6237966482490171,0.5233451657214356,0.4872725258288786,0.5236707744125746,0.5438122097588913,0.04628912835375015,265,0.7099049371358479,0.6819108349414895,0.7058659625135675,0.7121618926341307,0.7078244580954711,0.7035336170641013,0.011013053323607207
0.4993320941925049,0.017110325989327855,0.08094310760498047,0.0066809285775934835,1.0,0.9,50000,1,"(1, 1)","{'ord__alpha': 1.0, 'tfidf__max_df': 0.9, 'tfidf__max_features': 50000, 'tfidf__min_df': 1, 'tfidf__ngram_range': (1, 1)}",0.5517333226790258,0.6059733812189712,0.5406357048298828,0.4872725258288786,0.5182348845927274,0.5407699638298972,0.03934845504170651,266,0.7099049371358479,0.6819108349414895,0.706869419923214,0.710864225461362,0.7034828758131683,0.7026064586550163,0.01066497339391238
0.5462676048278808,0.08085989487344411,0.07672128677368165,0.002620228365606807,1.0,0.9,20000,1,"(1, 1)","{'ord__alpha': 1.0, 'tfidf__max_df': 0.9, 'tfidf__max_features': 20000, 'tfidf__min_df': 1, 'tfidf__ngram_range': (1, 1)}",0.5517333226790258,0.6059733812189712,0.5406357048298828,0.4872725258288786,0.5182348845927274,0.5407699638298972,0.03934845504170651,266,0.7099049371358479,0.6819108349414895,0.706869419923214,0.710864225461362,0.7034828758131683,0.7026064586550163,0.01066497339391238
2.142555665969849,0.10092960949437048,0.20761547088623047,0.019829431623308028,1.0,0.9,50000,1,"(1, 2)","{'ord__alpha': 1.0, 'tfidf__max_df': 0.9, 'tfidf__max_features': 50000, 'tfidf__min_df': 1, 'tfidf__ngram_range': (1, 2)}",0.5453403941693509,0.603599123738358,0.5088396103355444,0.5079275676589033,0.518742942132371,0.5368899276069055,0.03599021786047489,268,0.7613412228796844,0.7530329073974927,0.7700327756299705,0.7712435399440867,0.7646119650627681,0.7640524821828004,0.006581340258505403
2.1838773250579835,0.04042461825077513,0.19916725158691406,0.01336157966990455,1.0,0.95,50000,1,"(1, 2)","{'ord__alpha': 1.0, 'tfidf__max_df': 0.95, 'tfidf__max_features': 50000, 'tfidf__min_df': 1, 'tfidf__ngram_range': (1, 2)}",0.5511238074704898,0.6022413118821894,0.5145105209935033,0.5096399405045884,0.5035868005738882,0.5362204762849319,0.036942289709561996,269,0.7558850979985482,0.7494826282484977,0.7616606616442843,0.7698333547544248,0.7625234598794903,0.759877040505049,0.006830701932311528
2.1341100692749024,0.07309137483012694,0.21921901702880858,0.0292917621538113,1.0,0.85,50000,1,"(1, 2)","{'ord__alpha': 1.0, 'tfidf__max_df': 0.85, 'tfidf__max_features': 50000, 'tfidf__min_df': 1, 'tfidf__ngram_range': (1, 2)}",0.5214569643871176,0.5774487939031565,0.49005961458477754,0.5062031934435496,0.509213099402319,0.520876333144184,0.03000594155072337,270,0.7542540975049588,0.7505776085265468,0.7672854805076097,0.7676092196210772,0.765389725238903,0.7610232262798191,0.00716365108143018
